artifact	assigned_transcript	rescue_mode	origin	reintroduced
PB.3853.1	ENST00000335727.13	automatic	reference	yes
PB.3872.1	ENST00000454366.2	automatic	reference	yes
PB.8637.1	ENST00000619918.1	automatic	reference	yes
PB.8655.3	ENST00000397495.8	automatic	reference	yes
PB.8666.1	ENST00000613780.4	automatic	reference	yes
PB.8689.3	ENST00000397223.4	automatic	reference	yes
PB.8707.3	ENST00000355630.10	automatic	reference	yes
PB.8707.4	ENST00000402042.7	automatic	reference	yes
PB.15706.1	ENST00000316185.8	automatic	reference	yes
PB.15814.2	ENST00000216180.8	automatic	reference	yes
PB.22974.1	ENST00000600723.1	automatic	reference	yes
PB.23095.1	ENST00000466237.2	automatic	reference	yes
PB.23109.1	ENST00000216180.8	automatic	reference	no
PB.23111.1	ENST00000624919.1	automatic	reference	yes
PB.23122.2	ENST00000454366.2	automatic	reference	no
PB.30373.1	ENST00000431090.1	automatic	reference	yes
PB.30433.1	ENST00000644773.2	automatic	reference	yes
PB.30504.2	ENST00000216180.8	automatic	reference	no
PB.37852.1	ENST00000292748.7	automatic	reference	yes
PB.37951.1	ENST00000466237.2	automatic	reference	no
PB.37980.1	ENST00000454366.2	automatic	reference	no
PB.45394.1	ENST00000397495.8	automatic	reference	no
PB.45411.1	ENST00000613780.4	automatic	reference	no
PB.45438.1	ENST00000504184.3	automatic	reference	yes
PB.45486.1	ENST00000402042.7	automatic	reference	no
PB.45487.1	ENST00000435456.7	automatic	reference	yes
PB.52924.1	ENST00000426721.2	automatic	reference	yes
PB.52996.1	ENST00000396821.8	automatic	reference	yes
PB.53054.1	ENST00000454366.2	automatic	reference	no
PB.60587.1	ENST00000610959.4	automatic	reference	yes
PB.60649.3	ENST00000439502.6	automatic	reference	yes
PB.60702.1	ENST00000544408.5	automatic	reference	yes
PB.60739.1	ENST00000454366.2	automatic	reference	no
PB.68206.1	ENST00000436075.1	automatic	reference	yes
PB.68261.1	ENST00000645015.1	automatic	reference	yes
PB.68270.4	ENST00000414461.6	automatic	reference	yes
PB.68293.3	ENST00000396832.6	automatic	reference	yes
PB.68320.1	ENST00000466237.2	automatic	reference	no
PB.75765.1	ENST00000396821.8	automatic	reference	no
PB.75772.1	ENST00000361441.5	automatic	reference	yes
PB.75772.2	ENST00000361441.5	automatic	reference	no
PB.83113.1	ENST00000408439.3	automatic	reference	yes
PB.83180.4	ENST00000403313.5	automatic	reference	yes
PB.88803.1	ENST00000608952.1	automatic	reference	yes
PB.88804.3	ENST00000332585.11	automatic	reference	yes
PB.88831.2	ENST00000652095.2	automatic	reference	yes
PB.88837.1	ENST00000466237.2	automatic	reference	no
PB.96069.4	ENST00000608286.1	automatic	reference	yes
PB.96101.1	ENST00000342192.9	automatic	reference	yes
PB.96123.2	ENST00000216027.8	automatic	reference	yes
PB.96137.1	ENST00000644773.2	automatic	reference	no
PB.103701.1	ENST00000334554.12	automatic	reference	yes
PB.103753.1	ENST00000409652.5	automatic	reference	yes
PB.103782.1	ENST00000361441.5	automatic	reference	no
PB.103790.1	ENST00000435456.7	automatic	reference	no
PB.111592.1	ENST00000216027.8	automatic	reference	no
PB.111644.1	ENST00000396821.8	automatic	reference	no
PB.111692.2	ENST00000454366.2	automatic	reference	no
PB.118986.1	ENST00000335727.13	automatic	reference	no
PB.124752.2	ENST00000327374.9	automatic	reference	yes
PB.124830.2	ENST00000623458.1	automatic	reference	yes
PB.124841.1	ENST00000466237.2	automatic	reference	no
PB.130822.1	ENST00000450866.1	automatic	reference	yes
PB.130833.1	ENST00000334554.12	automatic	reference	no
PB.130850.1	ENST00000629869.1	automatic	reference	yes
PB.130888.1	ENST00000409652.5	automatic	reference	no
PB.130905.1	ENST00000443658.5	automatic	reference	yes
PB.130911.2	ENST00000216083.6	automatic	reference	yes
PB.137302.1	ENST00000420290.6	automatic	reference	yes
PB.137336.1	ENST00000400335.9	automatic	reference	yes
PB.143802.1	ENST00000623543.1	automatic	reference	yes
PB.143813.1	ENST00000334554.12	automatic	reference	no
PB.143845.1	ENST00000585003.1	automatic	reference	yes
PB.143930.2	ENST00000623075.1	automatic	reference	yes
PB.150493.1	ENST00000334554.12	automatic	reference	no
PB.150569.3	ENST00000403904.5	automatic	reference	yes
PB.150572.1	ENST00000396821.8	automatic	reference	no
PB.150621.1	ENST00000454366.2	automatic	reference	no
PB.157457.1	ENST00000334679.4	automatic	reference	yes
PB.157484.1	ENST00000396821.8	automatic	reference	no
PB.157516.1	ENST00000516104.1	automatic	reference	yes
PB.157532.2	ENST00000454366.2	automatic	reference	no
PB.157535.1	ENST00000564152.1	automatic	reference	yes
PB.164576.2	ENST00000439502.6	automatic	reference	no
PB.164638.1	ENST00000649288.1	automatic	reference	yes
PB.103709.1	PB.52915.2	rules_mapping	lr_defined	no
PB.103710.1	PB.52915.2	rules_mapping	lr_defined	no
PB.103710.1	PB.137312.1	rules_mapping	lr_defined	no
PB.103713.1	PB.157414.1	rules_mapping	lr_defined	no
PB.103713.1	PB.143822.3	rules_mapping	lr_defined	no
PB.103732.1	ENST00000216037.10	rules_mapping	reference	yes
PB.103766.1	ENST00000451997.6	rules_mapping	reference	yes
PB.103774.1	PB.164593.1	rules_mapping	lr_defined	no
PB.103775.1	PB.68290.1	rules_mapping	lr_defined	no
PB.103775.1	PB.88822.3	rules_mapping	lr_defined	no
PB.103775.1	PB.137374.2	rules_mapping	lr_defined	no
PB.103775.1	PB.88822.4	rules_mapping	lr_defined	no
PB.103784.3	PB.83216.7	rules_mapping	lr_defined	no
PB.103784.3	PB.68302.2	rules_mapping	lr_defined	no
PB.103784.3	PB.60695.3	rules_mapping	lr_defined	no
PB.103795.1	PB.83230.1	rules_mapping	lr_defined	no
PB.103795.2	PB.83230.1	rules_mapping	lr_defined	no
PB.103802.1	PB.96200.1	rules_mapping	lr_defined	no
PB.103804.2	PB.103804.1	rules_mapping	lr_defined	no
PB.103805.1	ENST00000669665.1	rules_mapping	reference	yes
PB.103808.1	PB.45504.4	rules_mapping	lr_defined	no
PB.103811.1	ENST00000337554.8	rules_mapping	reference	yes
PB.103815.1	ENST00000381176.5	rules_mapping	reference	yes
PB.103838.2	PB.45530.1	rules_mapping	lr_defined	no
PB.111551.1	ENST00000447898.5	rules_mapping	reference	yes
PB.111574.1	ENST00000444039.1	rules_mapping	reference	yes
PB.111594.2	ENST00000458080.1	rules_mapping	reference	yes
PB.111597.1	PB.88800.4	rules_mapping	lr_defined	no
PB.111601.1	PB.83155.2	rules_mapping	lr_defined	no
PB.111601.1	PB.83155.3	rules_mapping	lr_defined	no
PB.111603.1	PB.143852.4	rules_mapping	lr_defined	no
PB.111603.1	PB.30425.1	rules_mapping	lr_defined	no
PB.111603.1	PB.143852.6	rules_mapping	lr_defined	no
PB.111603.1	PB.68246.1	rules_mapping	lr_defined	no
PB.111604.1	PB.124791.2	rules_mapping	lr_defined	no
PB.111604.1	PB.88801.1	rules_mapping	lr_defined	no
PB.111604.1	PB.88801.4	rules_mapping	lr_defined	no
PB.111604.1	PB.88801.2	rules_mapping	lr_defined	no
PB.111613.1	ENST00000327423.11	rules_mapping	reference	yes
PB.111622.1	PB.3838.2	rules_mapping	lr_defined	no
PB.111622.1	PB.157472.3	rules_mapping	lr_defined	no
PB.111622.1	PB.164581.4	rules_mapping	lr_defined	no
PB.111622.1	PB.157472.2	rules_mapping	lr_defined	no
PB.111622.1	PB.75741.1	rules_mapping	lr_defined	no
PB.111653.1	PB.68302.2	rules_mapping	lr_defined	no
PB.111653.1	PB.83216.7	rules_mapping	lr_defined	no
PB.111653.1	PB.75774.2	rules_mapping	lr_defined	no
PB.111653.1	PB.75774.7	rules_mapping	lr_defined	no
PB.111653.1	PB.96183.3	rules_mapping	lr_defined	no
PB.111653.2	PB.45482.1	rules_mapping	lr_defined	no
PB.111653.2	PB.83216.9	rules_mapping	lr_defined	no
PB.111653.2	PB.75774.7	rules_mapping	lr_defined	no
PB.111653.2	PB.75774.2	rules_mapping	lr_defined	no
PB.111653.2	PB.83216.7	rules_mapping	lr_defined	no
PB.111654.1	PB.96184.2	rules_mapping	lr_defined	no
PB.111658.1	ENST00000454349.7	rules_mapping	reference	yes
PB.111658.1	ENST00000301923.13	rules_mapping	reference	yes
PB.111658.1	ENST00000335727.13	rules_mapping	reference	no
PB.111659.1	ENST00000301923.13	rules_mapping	reference	no
PB.111659.1	ENST00000335727.13	rules_mapping	reference	no
PB.111659.1	ENST00000454349.7	rules_mapping	reference	no
PB.111680.1	ENST00000359486.8	rules_mapping	reference	yes
PB.111680.1	ENST00000677622.1	rules_mapping	reference	yes
PB.111692.1	ENST00000454366.2	rules_mapping	reference	no
PB.118872.1	PB.52891.1	rules_mapping	lr_defined	no
PB.118872.1	PB.60590.1	rules_mapping	lr_defined	no
PB.118872.1	PB.30370.1	rules_mapping	lr_defined	no
PB.118872.1	PB.96076.1	rules_mapping	lr_defined	no
PB.118872.1	PB.60590.2	rules_mapping	lr_defined	no
PB.118876.1	PB.143807.1	rules_mapping	lr_defined	no
PB.118876.1	PB.52896.1	rules_mapping	lr_defined	no
PB.118876.1	PB.30375.3	rules_mapping	lr_defined	no
PB.118876.1	PB.15679.2	rules_mapping	lr_defined	no
PB.118876.1	PB.150487.1	rules_mapping	lr_defined	no
PB.118882.3	PB.83116.3	rules_mapping	lr_defined	no
PB.118882.3	PB.60600.4	rules_mapping	lr_defined	no
PB.118882.3	PB.96086.3	rules_mapping	lr_defined	no
PB.118882.3	PB.83116.5	rules_mapping	lr_defined	no
PB.118882.3	PB.37843.1	rules_mapping	lr_defined	no
PB.118916.1	PB.103728.1	rules_mapping	lr_defined	no
PB.118916.1	PB.143842.1	rules_mapping	lr_defined	no
PB.118921.2	PB.3827.3	rules_mapping	lr_defined	no
PB.118921.2	PB.164557.3	rules_mapping	lr_defined	no
PB.118942.1	PB.157471.2	rules_mapping	lr_defined	no
PB.118942.1	PB.96151.1	rules_mapping	lr_defined	no
PB.118958.1	PB.103767.2	rules_mapping	lr_defined	no
PB.118986.1	ENST00000454349.7	rules_mapping	reference	no
PB.118999.1	PB.53021.1	rules_mapping	lr_defined	no
PB.118999.1	PB.37951.2	rules_mapping	lr_defined	no
PB.118999.1	PB.75786.1	rules_mapping	lr_defined	no
PB.119018.1	PB.30513.2	rules_mapping	lr_defined	no
PB.119018.1	PB.45514.2	rules_mapping	lr_defined	no
PB.119018.1	PB.164636.1	rules_mapping	lr_defined	no
PB.119018.1	PB.157528.1	rules_mapping	lr_defined	no
PB.119019.1	PB.157528.1	rules_mapping	lr_defined	no
PB.119019.1	PB.30513.2	rules_mapping	lr_defined	no
PB.119019.1	PB.164636.1	rules_mapping	lr_defined	no
PB.119019.1	PB.45514.2	rules_mapping	lr_defined	no
PB.119022.1	ENST00000262735.9	rules_mapping	reference	yes
PB.119022.1	ENST00000407236.5	rules_mapping	reference	yes
PB.124736.1	PB.8631.2	rules_mapping	lr_defined	no
PB.124736.3	ENST00000447898.5	rules_mapping	reference	no
PB.124736.4	ENST00000447898.5	rules_mapping	reference	no
PB.124752.1	ENST00000327374.9	rules_mapping	reference	no
PB.124768.1	PB.143826.5	rules_mapping	lr_defined	no
PB.124768.2	ENST00000357179.10	rules_mapping	reference	yes
PB.124770.1	PB.124770.2	rules_mapping	lr_defined	no
PB.124770.3	PB.124770.2	rules_mapping	lr_defined	no
PB.124778.1	ENST00000336873.9	rules_mapping	reference	yes
PB.124778.3	ENST00000398145.7	rules_mapping	reference	yes
PB.124778.4	ENST00000336873.9	rules_mapping	reference	no
PB.124783.1	ENST00000249064.9	rules_mapping	reference	yes
PB.124784.1	ENST00000458080.1	rules_mapping	reference	no
PB.124787.3	PB.88800.4	rules_mapping	lr_defined	no
PB.124787.3	PB.124787.2	rules_mapping	lr_defined	no
PB.124787.3	PB.88800.3	rules_mapping	lr_defined	no
PB.124788.2	ENST00000310624.7	rules_mapping	reference	yes
PB.124800.1	PB.130876.2	rules_mapping	lr_defined	no
PB.124803.1	ENST00000540643.5	rules_mapping	reference	yes
PB.124804.1	ENST00000397500.5	rules_mapping	reference	yes
PB.124804.2	ENST00000382151.6	rules_mapping	reference	yes
PB.124806.1	PB.88809.1	rules_mapping	lr_defined	no
PB.124806.1	PB.143869.1	rules_mapping	lr_defined	no
PB.124806.1	PB.30441.1	rules_mapping	lr_defined	no
PB.124809.1	PB.164581.1	rules_mapping	lr_defined	no
PB.124813.1	ENST00000397224.9	rules_mapping	reference	yes
PB.124813.2	ENST00000397224.9	rules_mapping	reference	no
PB.124813.4	ENST00000397223.4	rules_mapping	reference	no
PB.124814.1	PB.37907.1	rules_mapping	lr_defined	no
PB.124822.1	PB.124822.2	rules_mapping	lr_defined	no
PB.124822.3	PB.124822.2	rules_mapping	lr_defined	no
PB.124822.4	PB.124822.2	rules_mapping	lr_defined	no
PB.124822.5	PB.124822.2	rules_mapping	lr_defined	no
PB.124822.6	PB.124822.2	rules_mapping	lr_defined	no
PB.124822.7	PB.124822.2	rules_mapping	lr_defined	no
PB.124822.8	PB.124822.2	rules_mapping	lr_defined	no
PB.124823.1	ENST00000396832.6	rules_mapping	reference	no
PB.124823.1	ENST00000403904.5	rules_mapping	reference	no
PB.124824.1	ENST00000216039.9	rules_mapping	reference	yes
PB.124831.1	ENST00000404569.5	rules_mapping	reference	yes
PB.124838.2	ENST00000216237.10	rules_mapping	reference	yes
PB.124838.3	ENST00000216237.10	rules_mapping	reference	no
PB.124842.1	PB.8715.8	rules_mapping	lr_defined	no
PB.124845.1	ENST00000323013.7	rules_mapping	reference	yes
PB.124849.2	ENST00000216180.8	rules_mapping	reference	no
PB.124850.1	ENST00000338758.12	rules_mapping	reference	yes
PB.124851.1	PB.3869.4	rules_mapping	lr_defined	no
PB.124865.1	PB.88864.1	rules_mapping	lr_defined	no
PB.124866.1	PB.124866.2	rules_mapping	lr_defined	no
PB.124872.1	PB.164659.2	rules_mapping	lr_defined	no
PB.124872.2	PB.164659.2	rules_mapping	lr_defined	no
PB.130815.3	PB.143795.2	rules_mapping	lr_defined	no
PB.130815.5	ENST00000447898.5	rules_mapping	reference	no
PB.130815.6	ENST00000657965.1	rules_mapping	reference	yes
PB.130817.2	ENST00000319363.11	rules_mapping	reference	yes
PB.130824.2	ENST00000545799.5	rules_mapping	reference	yes
PB.130830.1	ENST00000327374.9	rules_mapping	reference	no
PB.130832.2	PB.130832.3	rules_mapping	lr_defined	no
PB.130836.3	PB.3810.5	rules_mapping	lr_defined	no
PB.130836.3	PB.124757.1	rules_mapping	lr_defined	no
PB.130836.3	PB.88768.1	rules_mapping	lr_defined	no
PB.130836.3	PB.8646.1	rules_mapping	lr_defined	no
PB.130836.3	PB.3810.4	rules_mapping	lr_defined	no
PB.130844.1	PB.45395.2	rules_mapping	lr_defined	no
PB.130857.6	PB.124775.2	rules_mapping	lr_defined	no
PB.130857.9	PB.124775.2	rules_mapping	lr_defined	no
PB.130866.1	PB.130866.2	rules_mapping	lr_defined	no
PB.130867.2	PB.124787.2	rules_mapping	lr_defined	no
PB.130867.2	PB.88800.4	rules_mapping	lr_defined	no
PB.130867.2	PB.88800.3	rules_mapping	lr_defined	no
PB.130867.5	PB.88800.3	rules_mapping	lr_defined	no
PB.130872.1	PB.60642.1	rules_mapping	lr_defined	no
PB.130873.3	PB.124796.4	rules_mapping	lr_defined	no
PB.130876.1	PB.130876.2	rules_mapping	lr_defined	no
PB.130877.1	ENST00000426256.6	rules_mapping	reference	yes
PB.130877.2	ENST00000326132.11	rules_mapping	reference	yes
PB.130877.3	ENST00000326132.11	rules_mapping	reference	no
PB.130877.4	ENST00000326132.11	rules_mapping	reference	no
PB.130877.6	ENST00000326132.11	rules_mapping	reference	no
PB.130877.7	ENST00000326132.11	rules_mapping	reference	no
PB.130879.1	ENST00000405309.7	rules_mapping	reference	yes
PB.130881.2	PB.88808.1	rules_mapping	lr_defined	no
PB.130882.1	ENST00000382151.6	rules_mapping	reference	no
PB.130890.4	PB.3841.13	rules_mapping	lr_defined	no
PB.130890.7	PB.3841.13	rules_mapping	lr_defined	no
PB.130892.1	PB.37907.1	rules_mapping	lr_defined	no
PB.130901.1	PB.157480.3	rules_mapping	lr_defined	no
PB.130903.1	ENST00000332509.8	rules_mapping	reference	yes
PB.130904.2	PB.124822.2	rules_mapping	lr_defined	no
PB.130917.1	PB.137387.5	rules_mapping	lr_defined	no
PB.130918.1	PB.8707.2	rules_mapping	lr_defined	no
PB.130921.2	ENST00000216237.10	rules_mapping	reference	no
PB.130921.3	ENST00000216237.10	rules_mapping	reference	no
PB.130927.1	PB.137396.1	rules_mapping	lr_defined	no
PB.130928.1	PB.53022.2	rules_mapping	lr_defined	no
PB.130929.1	ENST00000263256.7	rules_mapping	reference	yes
PB.130929.2	ENST00000263256.7	rules_mapping	reference	no
PB.130929.3	ENST00000263256.7	rules_mapping	reference	no
PB.130929.4	ENST00000263256.7	rules_mapping	reference	no
PB.130931.1	PB.8715.6	rules_mapping	lr_defined	no
PB.130931.2	PB.8715.1	rules_mapping	lr_defined	no
PB.130931.2	PB.3863.3	rules_mapping	lr_defined	no
PB.130933.1	PB.88846.1	rules_mapping	lr_defined	no
PB.130934.10	PB.130934.6	rules_mapping	lr_defined	no
PB.130934.12	PB.130934.6	rules_mapping	lr_defined	no
PB.130934.5	PB.124846.1	rules_mapping	lr_defined	no
PB.130934.9	PB.124846.1	rules_mapping	lr_defined	no
PB.130934.9	PB.124846.2	rules_mapping	lr_defined	no
PB.130935.5	PB.130935.7	rules_mapping	lr_defined	no
PB.130935.5	PB.130935.6	rules_mapping	lr_defined	no
PB.130935.5	PB.130935.2	rules_mapping	lr_defined	no
PB.130935.5	PB.130935.3	rules_mapping	lr_defined	no
PB.130935.5	PB.130935.4	rules_mapping	lr_defined	no
PB.130935.8	ENST00000263246.8	rules_mapping	reference	yes
PB.130937.1	ENST00000216129.7	rules_mapping	reference	yes
PB.130945.1	ENST00000381031.8	rules_mapping	reference	yes
PB.130946.3	PB.157532.4	rules_mapping	lr_defined	no
PB.130963.3	PB.130963.2	rules_mapping	lr_defined	no
PB.130964.2	ENST00000420993.7	rules_mapping	reference	yes
PB.130964.3	ENST00000420993.7	rules_mapping	reference	no
PB.137290.1	ENST00000447898.5	rules_mapping	reference	no
PB.137290.2	ENST00000447898.5	rules_mapping	reference	no
PB.137290.3	ENST00000447898.5	rules_mapping	reference	no
PB.137291.1	ENST00000319363.11	rules_mapping	reference	no
PB.137294.6	PB.130819.6	rules_mapping	lr_defined	no
PB.137296.1	ENST00000263196.12	rules_mapping	reference	yes
PB.137296.1	ENST00000537045.5	rules_mapping	reference	yes
PB.137296.1	ENST00000545799.5	rules_mapping	reference	no
PB.137296.2	ENST00000545799.5	rules_mapping	reference	no
PB.137296.2	ENST00000263196.12	rules_mapping	reference	no
PB.137296.2	ENST00000537045.5	rules_mapping	reference	no
PB.137307.5	PB.130835.4	rules_mapping	lr_defined	no
PB.137316.1	ENST00000357179.10	rules_mapping	reference	no
PB.137316.3	PB.137316.2	rules_mapping	lr_defined	no
PB.137316.4	PB.143826.5	rules_mapping	lr_defined	no
PB.137316.4	PB.137316.2	rules_mapping	lr_defined	no
PB.137316.5	PB.45395.2	rules_mapping	lr_defined	no
PB.137322.2	PB.124772.1	rules_mapping	lr_defined	no
PB.137323.2	PB.150510.1	rules_mapping	lr_defined	no
PB.137330.1	PB.143838.4	rules_mapping	lr_defined	no
PB.137331.1	ENST00000407690.6	rules_mapping	reference	yes
PB.137331.2	PB.143839.2	rules_mapping	lr_defined	no
PB.137334.1	ENST00000455418.7	rules_mapping	reference	yes
PB.137343.1	PB.143852.1	rules_mapping	lr_defined	no
PB.137344.4	PB.130871.4	rules_mapping	lr_defined	no
PB.137351.2	ENST00000326132.11	rules_mapping	reference	no
PB.137351.3	PB.143863.3	rules_mapping	lr_defined	no
PB.137351.4	PB.143863.3	rules_mapping	lr_defined	no
PB.137351.5	ENST00000326132.11	rules_mapping	reference	no
PB.137353.3	ENST00000351933.8	rules_mapping	reference	yes
PB.137354.1	ENST00000330125.10	rules_mapping	reference	yes
PB.137355.1	PB.88808.3	rules_mapping	lr_defined	no
PB.137355.2	PB.88808.3	rules_mapping	lr_defined	no
PB.137357.1	PB.3836.2	rules_mapping	lr_defined	no
PB.137366.3	PB.137366.1	rules_mapping	lr_defined	no
PB.137376.1	PB.143890.1	rules_mapping	lr_defined	no
PB.137376.1	PB.150569.2	rules_mapping	lr_defined	no
PB.137379.2	ENST00000405510.5	rules_mapping	reference	yes
PB.137381.1	ENST00000407418.8	rules_mapping	reference	yes
PB.137387.1	PB.137387.5	rules_mapping	lr_defined	no
PB.137387.2	PB.137387.5	rules_mapping	lr_defined	no
PB.137387.3	PB.137387.5	rules_mapping	lr_defined	no
PB.137387.4	ENST00000248929.14	rules_mapping	reference	yes
PB.137387.6	PB.143901.6	rules_mapping	lr_defined	no
PB.137387.7	PB.137387.5	rules_mapping	lr_defined	no
PB.137387.8	PB.137387.5	rules_mapping	lr_defined	no
PB.137392.1	ENST00000216237.10	rules_mapping	reference	no
PB.137392.2	ENST00000216237.10	rules_mapping	reference	no
PB.137392.3	ENST00000216237.10	rules_mapping	reference	no
PB.137392.4	ENST00000216237.10	rules_mapping	reference	no
PB.137409.1	ENST00000441876.7	rules_mapping	reference	yes
PB.137410.2	ENST00000454366.2	rules_mapping	reference	no
PB.137410.3	ENST00000454366.2	rules_mapping	reference	no
PB.137410.4	ENST00000454366.2	rules_mapping	reference	no
PB.137411.4	PB.137411.3	rules_mapping	lr_defined	no
PB.137411.4	PB.60740.2	rules_mapping	lr_defined	no
PB.137411.4	PB.150622.1	rules_mapping	lr_defined	no
PB.137411.4	PB.68346.1	rules_mapping	lr_defined	no
PB.137411.4	PB.137411.2	rules_mapping	lr_defined	no
PB.137411.4	PB.150622.2	rules_mapping	lr_defined	no
PB.137418.1	PB.164650.1	rules_mapping	lr_defined	no
PB.137421.1	ENST00000216271.10	rules_mapping	reference	yes
PB.137423.2	PB.130960.4	rules_mapping	lr_defined	no
PB.137426.1	PB.130966.1	rules_mapping	lr_defined	no
PB.137426.1	PB.124873.1	rules_mapping	lr_defined	no
PB.143795.3	ENST00000447898.5	rules_mapping	reference	no
PB.143795.4	ENST00000447898.5	rules_mapping	reference	no
PB.143797.1	ENST00000319363.11	rules_mapping	reference	no
PB.143812.3	ENST00000252136.12	rules_mapping	reference	yes
PB.143814.1	PB.137307.2	rules_mapping	lr_defined	no
PB.143822.2	PB.143822.1	rules_mapping	lr_defined	no
PB.143822.2	PB.8652.2	rules_mapping	lr_defined	no
PB.143826.1	PB.143826.5	rules_mapping	lr_defined	no
PB.143826.2	PB.143826.5	rules_mapping	lr_defined	no
PB.143826.3	PB.143826.5	rules_mapping	lr_defined	no
PB.143826.4	PB.137316.2	rules_mapping	lr_defined	no
PB.143833.2	PB.124775.2	rules_mapping	lr_defined	no
PB.143833.2	PB.130857.2	rules_mapping	lr_defined	no
PB.143838.1	ENST00000336873.9	rules_mapping	reference	no
PB.143839.4	PB.143839.2	rules_mapping	lr_defined	no
PB.143841.2	ENST00000335272.10	rules_mapping	reference	yes
PB.143841.3	ENST00000335272.10	rules_mapping	reference	no
PB.143841.5	ENST00000455418.7	rules_mapping	reference	no
PB.143841.5	ENST00000335272.10	rules_mapping	reference	no
PB.143849.1	PB.88800.3	rules_mapping	lr_defined	no
PB.143859.1	PB.124796.4	rules_mapping	lr_defined	no
PB.143862.1	PB.130875.6	rules_mapping	lr_defined	no
PB.143862.1	PB.130875.5	rules_mapping	lr_defined	no
PB.143862.1	PB.130875.4	rules_mapping	lr_defined	no
PB.143863.1	ENST00000326132.11	rules_mapping	reference	no
PB.143863.2	ENST00000326132.11	rules_mapping	reference	no
PB.143863.4	ENST00000326132.11	rules_mapping	reference	no
PB.143863.5	PB.143863.3	rules_mapping	lr_defined	no
PB.143863.6	ENST00000326132.11	rules_mapping	reference	no
PB.143865.1	ENST00000540643.5	rules_mapping	reference	no
PB.143865.2	PB.88808.2	rules_mapping	lr_defined	no
PB.143865.2	PB.88808.4	rules_mapping	lr_defined	no
PB.143866.1	ENST00000382151.6	rules_mapping	reference	no
PB.143866.2	ENST00000382151.6	rules_mapping	reference	no
PB.143866.3	ENST00000382151.6	rules_mapping	reference	no
PB.143866.4	ENST00000382151.6	rules_mapping	reference	no
PB.143866.5	ENST00000382151.6	rules_mapping	reference	no
PB.143866.6	ENST00000382151.6	rules_mapping	reference	no
PB.143875.1	ENST00000409652.5	rules_mapping	reference	no
PB.143879.2	PB.137366.1	rules_mapping	lr_defined	no
PB.143885.1	ENST00000407319.7	rules_mapping	reference	yes
PB.143885.2	ENST00000407319.7	rules_mapping	reference	no
PB.143894.1	ENST00000407418.8	rules_mapping	reference	no
PB.143895.1	ENST00000216133.10	rules_mapping	reference	yes
PB.143901.1	ENST00000248929.14	rules_mapping	reference	no
PB.143901.3	ENST00000248929.14	rules_mapping	reference	no
PB.143901.4	PB.143901.6	rules_mapping	lr_defined	no
PB.143901.7	PB.150586.6	rules_mapping	lr_defined	no
PB.143901.8	ENST00000248929.14	rules_mapping	reference	no
PB.143901.9	PB.143901.6	rules_mapping	lr_defined	no
PB.143902.1	PB.8707.2	rules_mapping	lr_defined	no
PB.143902.1	PB.8707.1	rules_mapping	lr_defined	no
PB.143905.1	PB.3857.1	rules_mapping	lr_defined	no
PB.143911.1	ENST00000263256.7	rules_mapping	reference	no
PB.143921.1	ENST00000338758.12	rules_mapping	reference	no
PB.143932.3	PB.157532.4	rules_mapping	lr_defined	no
PB.143937.1	ENST00000360612.5	rules_mapping	reference	yes
PB.143938.1	ENST00000216271.10	rules_mapping	reference	no
PB.143938.2	ENST00000626012.2	rules_mapping	reference	yes
PB.143938.3	ENST00000216271.10	rules_mapping	reference	no
PB.143938.4	ENST00000216271.10	rules_mapping	reference	no
PB.150483.1	ENST00000399744.8	rules_mapping	reference	yes
PB.150485.3	ENST00000537045.5	rules_mapping	reference	no
PB.150492.3	ENST00000403707.7	rules_mapping	reference	yes
PB.150492.4	ENST00000252136.12	rules_mapping	reference	no
PB.150496.1	PB.143814.3	rules_mapping	lr_defined	no
PB.150496.1	PB.137307.3	rules_mapping	lr_defined	no
PB.150503.3	PB.15696.1	rules_mapping	lr_defined	no
PB.150505.4	PB.88774.3	rules_mapping	lr_defined	no
PB.150505.4	PB.150505.1	rules_mapping	lr_defined	no
PB.150505.5	ENST00000335025.12	rules_mapping	reference	yes
PB.150507.1	PB.137316.2	rules_mapping	lr_defined	no
PB.150507.2	PB.143826.5	rules_mapping	lr_defined	no
PB.150514.1	ENST00000444995.7	rules_mapping	reference	yes
PB.150519.1	ENST00000335272.10	rules_mapping	reference	no
PB.150519.3	ENST00000455418.7	rules_mapping	reference	no
PB.150520.1	ENST00000612946.4	rules_mapping	reference	yes
PB.150520.1	ENST00000397906.6	rules_mapping	reference	yes
PB.150527.2	PB.88800.1	rules_mapping	lr_defined	no
PB.150530.6	ENST00000307790.8	rules_mapping	reference	yes
PB.150534.3	PB.137344.2	rules_mapping	lr_defined	no
PB.150537.5	PB.60643.4	rules_mapping	lr_defined	no
PB.150541.1	ENST00000644773.2	rules_mapping	reference	no
PB.150543.1	PB.130875.5	rules_mapping	lr_defined	no
PB.150543.1	PB.130875.4	rules_mapping	lr_defined	no
PB.150543.1	PB.130875.6	rules_mapping	lr_defined	no
PB.150543.1	PB.130875.7	rules_mapping	lr_defined	no
PB.150543.2	PB.130875.4	rules_mapping	lr_defined	no
PB.150543.2	PB.130875.7	rules_mapping	lr_defined	no
PB.150543.2	PB.130875.6	rules_mapping	lr_defined	no
PB.150543.2	PB.130875.5	rules_mapping	lr_defined	no
PB.150543.3	PB.130875.4	rules_mapping	lr_defined	no
PB.150543.3	PB.130875.7	rules_mapping	lr_defined	no
PB.150543.3	PB.130875.6	rules_mapping	lr_defined	no
PB.150543.3	PB.130875.5	rules_mapping	lr_defined	no
PB.150546.1	ENST00000351933.8	rules_mapping	reference	no
PB.150546.2	ENST00000351933.8	rules_mapping	reference	no
PB.150548.1	ENST00000382151.6	rules_mapping	reference	no
PB.150548.2	ENST00000382151.6	rules_mapping	reference	no
PB.150548.3	ENST00000382151.6	rules_mapping	reference	no
PB.150548.4	ENST00000382151.6	rules_mapping	reference	no
PB.150548.5	ENST00000382151.6	rules_mapping	reference	no
PB.150548.6	ENST00000382151.6	rules_mapping	reference	no
PB.150560.1	ENST00000249071.11	rules_mapping	reference	yes
PB.150567.1	ENST00000360880.6	rules_mapping	reference	yes
PB.150567.2	ENST00000360880.6	rules_mapping	reference	no
PB.150569.1	PB.143890.1	rules_mapping	lr_defined	no
PB.150569.1	PB.150569.2	rules_mapping	lr_defined	no
PB.150578.1	ENST00000407418.8	rules_mapping	reference	no
PB.150578.3	ENST00000407418.8	rules_mapping	reference	no
PB.150582.1	PB.157490.1	rules_mapping	lr_defined	no
PB.150586.1	ENST00000248929.14	rules_mapping	reference	no
PB.150586.2	ENST00000248929.14	rules_mapping	reference	no
PB.150586.3	ENST00000248929.14	rules_mapping	reference	no
PB.150586.4	ENST00000248929.14	rules_mapping	reference	no
PB.150586.5	ENST00000248929.14	rules_mapping	reference	no
PB.150592.3	PB.130923.3	rules_mapping	lr_defined	no
PB.150592.3	PB.143907.3	rules_mapping	lr_defined	no
PB.150592.4	PB.137393.5	rules_mapping	lr_defined	no
PB.150592.4	PB.137393.2	rules_mapping	lr_defined	no
PB.150592.4	PB.143907.3	rules_mapping	lr_defined	no
PB.150592.4	PB.137393.3	rules_mapping	lr_defined	no
PB.150593.1	ENST00000352645.5	rules_mapping	reference	yes
PB.150597.1	PB.124841.2	rules_mapping	lr_defined	no
PB.150599.1	PB.23096.1	rules_mapping	lr_defined	no
PB.150604.2	ENST00000323013.7	rules_mapping	reference	no
PB.150609.1	ENST00000216129.7	rules_mapping	reference	no
PB.150609.3	PB.130937.2	rules_mapping	lr_defined	no
PB.150609.3	PB.157522.3	rules_mapping	lr_defined	no
PB.150609.4	PB.137406.1	rules_mapping	lr_defined	no
PB.150609.4	PB.130937.2	rules_mapping	lr_defined	no
PB.150609.4	PB.150609.2	rules_mapping	lr_defined	no
PB.150609.4	PB.137406.2	rules_mapping	lr_defined	no
PB.150610.1	ENST00000216180.8	rules_mapping	reference	no
PB.150631.2	PB.150631.1	rules_mapping	lr_defined	no
PB.150632.3	ENST00000626012.2	rules_mapping	reference	no
PB.150632.4	PB.157542.1	rules_mapping	lr_defined	no
PB.150632.5	ENST00000626012.2	rules_mapping	reference	no
PB.150632.6	ENST00000216271.10	rules_mapping	reference	no
PB.150632.7	ENST00000626012.2	rules_mapping	reference	no
PB.150634.1	PB.130960.1	rules_mapping	lr_defined	no
PB.15672.2	PB.164508.1	rules_mapping	lr_defined	no
PB.15679.1	PB.157393.1	rules_mapping	lr_defined	no
PB.15684.4	PB.164523.2	rules_mapping	lr_defined	no
PB.15684.6	PB.164523.2	rules_mapping	lr_defined	no
PB.15686.1	ENST00000334554.12	rules_mapping	reference	no
PB.15686.1	ENST00000320602.11	rules_mapping	reference	yes
PB.15697.1	ENST00000342192.9	rules_mapping	reference	no
PB.15718.1	ENST00000455418.7	rules_mapping	reference	no
PB.15725.1	PB.137340.2	rules_mapping	lr_defined	no
PB.15725.1	PB.130867.3	rules_mapping	lr_defined	no
PB.15725.1	PB.124787.2	rules_mapping	lr_defined	no
PB.15725.1	PB.88800.4	rules_mapping	lr_defined	no
PB.15725.1	PB.88800.5	rules_mapping	lr_defined	no
PB.15728.1	PB.164561.1	rules_mapping	lr_defined	no
PB.15728.4	PB.164561.1	rules_mapping	lr_defined	no
PB.157382.1	PB.150482.1	rules_mapping	lr_defined	no
PB.157383.1	ENST00000319363.11	rules_mapping	reference	no
PB.157398.2	ENST00000404751.7	rules_mapping	reference	yes
PB.157398.3	ENST00000403707.7	rules_mapping	reference	no
PB.157398.4	PB.157398.1	rules_mapping	lr_defined	no
PB.15740.1	PB.130875.7	rules_mapping	lr_defined	no
PB.15740.1	PB.130875.4	rules_mapping	lr_defined	no
PB.15740.1	PB.130875.8	rules_mapping	lr_defined	no
PB.15740.1	PB.130875.5	rules_mapping	lr_defined	no
PB.15740.1	PB.130875.6	rules_mapping	lr_defined	no
PB.157400.1	ENST00000320602.11	rules_mapping	reference	no
PB.157400.1	ENST00000334554.12	rules_mapping	reference	no
PB.157403.1	PB.130835.4	rules_mapping	lr_defined	no
PB.157403.1	PB.137307.4	rules_mapping	lr_defined	no
PB.157403.1	PB.137307.3	rules_mapping	lr_defined	no
PB.157411.1	ENST00000486209.5	rules_mapping	reference	yes
PB.157433.1	ENST00000335272.10	rules_mapping	reference	no
PB.157433.2	ENST00000320996.14	rules_mapping	reference	yes
PB.157435.1	ENST00000397906.6	rules_mapping	reference	no
PB.157439.1	PB.8669.1	rules_mapping	lr_defined	no
PB.157441.2	PB.137337.1	rules_mapping	lr_defined	no
PB.157445.1	PB.88800.5	rules_mapping	lr_defined	no
PB.157445.1	PB.88800.1	rules_mapping	lr_defined	no
PB.157447.2	PB.157447.1	rules_mapping	lr_defined	no
PB.157449.1	PB.111602.2	rules_mapping	lr_defined	no
PB.157451.1	PB.124791.2	rules_mapping	lr_defined	no
PB.157451.1	PB.88801.1	rules_mapping	lr_defined	no
PB.157451.1	PB.88801.4	rules_mapping	lr_defined	no
PB.157451.1	PB.88801.2	rules_mapping	lr_defined	no
PB.157451.2	PB.88801.1	rules_mapping	lr_defined	no
PB.157451.2	PB.124791.2	rules_mapping	lr_defined	no
PB.157451.2	PB.88801.2	rules_mapping	lr_defined	no
PB.157451.2	PB.88801.4	rules_mapping	lr_defined	no
PB.157461.1	PB.150544.1	rules_mapping	lr_defined	no
PB.157461.1	PB.143863.3	rules_mapping	lr_defined	no
PB.157465.1	ENST00000382151.6	rules_mapping	reference	no
PB.157465.2	ENST00000382151.6	rules_mapping	reference	no
PB.157465.3	ENST00000382151.6	rules_mapping	reference	no
PB.157465.4	ENST00000382151.6	rules_mapping	reference	no
PB.157465.5	ENST00000382151.6	rules_mapping	reference	no
PB.157468.1	PB.88809.1	rules_mapping	lr_defined	no
PB.15747.2	ENST00000382151.6	rules_mapping	reference	no
PB.15747.3	ENST00000382151.6	rules_mapping	reference	no
PB.15747.4	ENST00000382151.6	rules_mapping	reference	no
PB.15747.5	ENST00000382151.6	rules_mapping	reference	no
PB.157470.1	ENST00000610186.6	rules_mapping	reference	yes
PB.157471.1	ENST00000411850.5	rules_mapping	reference	yes
PB.157473.2	ENST00000249066.10	rules_mapping	reference	yes
PB.157476.1	PB.137370.1	rules_mapping	lr_defined	no
PB.157480.1	ENST00000644935.1	rules_mapping	reference	yes
PB.157480.2	PB.157480.3	rules_mapping	lr_defined	no
PB.157480.4	ENST00000644935.1	rules_mapping	reference	no
PB.157483.1	PB.30471.1	rules_mapping	lr_defined	no
PB.157483.1	PB.150569.2	rules_mapping	lr_defined	no
PB.157483.1	PB.52993.2	rules_mapping	lr_defined	no
PB.157483.1	PB.143890.1	rules_mapping	lr_defined	no
PB.157489.1	ENST00000407418.8	rules_mapping	reference	no
PB.157495.1	ENST00000248929.14	rules_mapping	reference	no
PB.157495.2	ENST00000248929.14	rules_mapping	reference	no
PB.157495.3	ENST00000248929.14	rules_mapping	reference	no
PB.157495.5	PB.143901.6	rules_mapping	lr_defined	no
PB.157495.5	PB.137387.5	rules_mapping	lr_defined	no
PB.15750.1	PB.23050.1	rules_mapping	lr_defined	no
PB.157503.1	ENST00000352645.5	rules_mapping	reference	no
PB.157504.3	PB.157504.1	rules_mapping	lr_defined	no
PB.157504.3	PB.137396.1	rules_mapping	lr_defined	no
PB.15751.1	ENST00000411850.5	rules_mapping	reference	no
PB.15751.3	ENST00000411850.5	rules_mapping	reference	no
PB.15751.4	ENST00000411850.5	rules_mapping	reference	no
PB.157512.1	PB.8715.6	rules_mapping	lr_defined	no
PB.157513.2	ENST00000332965.4	rules_mapping	reference	yes
PB.157515.1	PB.37960.1	rules_mapping	lr_defined	no
PB.157515.1	PB.164625.1	rules_mapping	lr_defined	no
PB.157517.1	PB.88846.1	rules_mapping	lr_defined	no
PB.157520.1	ENST00000263245.10	rules_mapping	reference	yes
PB.157522.1	ENST00000216129.7	rules_mapping	reference	no
PB.157523.2	ENST00000216180.8	rules_mapping	reference	no
PB.157527.2	ENST00000336156.10	rules_mapping	reference	yes
PB.157531.1	PB.143931.2	rules_mapping	lr_defined	no
PB.157532.1	ENST00000454366.2	rules_mapping	reference	no
PB.157540.1	PB.164650.1	rules_mapping	lr_defined	no
PB.157540.1	PB.164650.2	rules_mapping	lr_defined	no
PB.157540.1	PB.88864.1	rules_mapping	lr_defined	no
PB.157540.1	PB.15828.3	rules_mapping	lr_defined	no
PB.157540.1	PB.15828.1	rules_mapping	lr_defined	no
PB.157542.2	ENST00000626012.2	rules_mapping	reference	no
PB.157542.3	ENST00000216271.10	rules_mapping	reference	no
PB.157542.6	PB.157542.1	rules_mapping	lr_defined	no
PB.157544.1	PB.124869.4	rules_mapping	lr_defined	no
PB.157546.6	PB.150637.3	rules_mapping	lr_defined	no
PB.15760.1	ENST00000397223.4	rules_mapping	reference	no
PB.15763.1	PB.75752.2	rules_mapping	lr_defined	no
PB.15763.1	PB.52981.1	rules_mapping	lr_defined	no
PB.15768.3	PB.157480.3	rules_mapping	lr_defined	no
PB.15770.1	PB.60675.2	rules_mapping	lr_defined	no
PB.15770.1	PB.60675.3	rules_mapping	lr_defined	no
PB.15774.3	PB.143890.1	rules_mapping	lr_defined	no
PB.15775.1	ENST00000396821.8	rules_mapping	reference	no
PB.15780.1	ENST00000361441.5	rules_mapping	reference	no
PB.15784.1	PB.124830.1	rules_mapping	lr_defined	no
PB.15791.1	ENST00000357137.9	rules_mapping	reference	yes
PB.15798.2	ENST00000355209.9	rules_mapping	reference	yes
PB.15808.1	ENST00000323013.7	rules_mapping	reference	no
PB.15808.2	PB.150604.3	rules_mapping	lr_defined	no
PB.15814.3	ENST00000216180.8	rules_mapping	reference	no
PB.15817.1	ENST00000441876.7	rules_mapping	reference	no
PB.15829.2	ENST00000380909.9	rules_mapping	reference	yes
PB.15832.1	PB.157542.5	rules_mapping	lr_defined	no
PB.15832.3	ENST00000626012.2	rules_mapping	reference	no
PB.15832.5	ENST00000626012.2	rules_mapping	reference	no
PB.15832.6	ENST00000626012.2	rules_mapping	reference	no
PB.15836.2	PB.150637.2	rules_mapping	lr_defined	no
PB.15836.2	PB.150637.5	rules_mapping	lr_defined	no
PB.15837.1	PB.164659.2	rules_mapping	lr_defined	no
PB.15839.1	ENST00000395650.6	rules_mapping	reference	yes
PB.164508.2	PB.143795.2	rules_mapping	lr_defined	no
PB.164508.2	PB.164508.3	rules_mapping	lr_defined	no
PB.164521.3	PB.164521.4	rules_mapping	lr_defined	no
PB.164523.1	PB.157398.5	rules_mapping	lr_defined	no
PB.164523.3	ENST00000252136.12	rules_mapping	reference	no
PB.164523.4	PB.157398.5	rules_mapping	lr_defined	no
PB.164524.1	ENST00000334554.12	rules_mapping	reference	no
PB.164524.1	ENST00000320602.11	rules_mapping	reference	no
PB.164525.2	PB.124755.1	rules_mapping	lr_defined	no
PB.164525.2	PB.8645.2	rules_mapping	lr_defined	no
PB.164527.1	PB.137307.4	rules_mapping	lr_defined	no
PB.164527.1	PB.130835.4	rules_mapping	lr_defined	no
PB.164527.1	PB.137307.3	rules_mapping	lr_defined	no
PB.164534.1	PB.52887.2	rules_mapping	lr_defined	no
PB.164546.1	ENST00000215829.8	rules_mapping	reference	yes
PB.164553.2	ENST00000455418.7	rules_mapping	reference	no
PB.164553.2	ENST00000335272.10	rules_mapping	reference	no
PB.164554.1	PB.60632.2	rules_mapping	lr_defined	no
PB.164558.3	ENST00000616432.4	rules_mapping	reference	yes
PB.164569.1	PB.130875.7	rules_mapping	lr_defined	no
PB.164569.1	PB.130875.6	rules_mapping	lr_defined	no
PB.164569.1	PB.130875.4	rules_mapping	lr_defined	no
PB.164569.1	PB.130875.5	rules_mapping	lr_defined	no
PB.164570.1	PB.143863.3	rules_mapping	lr_defined	no
PB.164570.1	PB.150544.1	rules_mapping	lr_defined	no
PB.164570.1	PB.157461.2	rules_mapping	lr_defined	no
PB.164574.1	PB.8683.1	rules_mapping	lr_defined	no
PB.164576.1	ENST00000382151.6	rules_mapping	reference	no
PB.164580.2	ENST00000411850.5	rules_mapping	reference	no
PB.164581.2	ENST00000216122.9	rules_mapping	reference	yes
PB.164581.3	PB.157472.2	rules_mapping	lr_defined	no
PB.164585.1	PB.143876.1	rules_mapping	lr_defined	no
PB.164587.1	ENST00000397224.9	rules_mapping	reference	no
PB.164588.1	PB.37907.1	rules_mapping	lr_defined	no
PB.164606.1	PB.157490.1	rules_mapping	lr_defined	no
PB.164606.2	PB.157490.1	rules_mapping	lr_defined	no
PB.164632.1	PB.130937.2	rules_mapping	lr_defined	no
PB.164632.3	PB.137406.1	rules_mapping	lr_defined	no
PB.164632.3	PB.150609.2	rules_mapping	lr_defined	no
PB.164632.3	PB.164632.2	rules_mapping	lr_defined	no
PB.164632.3	PB.157522.3	rules_mapping	lr_defined	no
PB.164635.3	PB.164635.1	rules_mapping	lr_defined	no
PB.164635.3	PB.150615.2	rules_mapping	lr_defined	no
PB.164635.3	PB.150615.4	rules_mapping	lr_defined	no
PB.164637.1	PB.37976.1	rules_mapping	lr_defined	no
PB.164637.1	PB.30516.1	rules_mapping	lr_defined	no
PB.164639.1	ENST00000360737.4	rules_mapping	reference	yes
PB.164650.3	PB.164650.1	rules_mapping	lr_defined	no
PB.164650.4	PB.164650.2	rules_mapping	lr_defined	no
PB.164653.1	PB.164653.5	rules_mapping	lr_defined	no
PB.164655.1	ENST00000216271.10	rules_mapping	reference	no
PB.164655.2	PB.157542.1	rules_mapping	lr_defined	no
PB.164655.3	ENST00000216271.10	rules_mapping	reference	no
PB.164655.4	ENST00000216271.10	rules_mapping	reference	no
PB.164655.5	ENST00000626012.2	rules_mapping	reference	no
PB.164655.7	PB.157542.1	rules_mapping	lr_defined	no
PB.164655.8	PB.157542.1	rules_mapping	lr_defined	no
PB.164655.9	ENST00000626012.2	rules_mapping	reference	no
PB.164659.1	PB.164659.2	rules_mapping	lr_defined	no
PB.22978.1	ENST00000263196.12	rules_mapping	reference	no
PB.22978.1	ENST00000545799.5	rules_mapping	reference	no
PB.22986.2	ENST00000455843.5	rules_mapping	reference	yes
PB.22989.4	PB.22989.5	rules_mapping	lr_defined	no
PB.22996.1	PB.124756.1	rules_mapping	lr_defined	no
PB.23001.2	PB.8649.2	rules_mapping	lr_defined	no
PB.23004.2	PB.15696.1	rules_mapping	lr_defined	no
PB.23012.2	PB.15703.1	rules_mapping	lr_defined	no
PB.23015.1	PB.45401.1	rules_mapping	lr_defined	no
PB.23016.1	ENST00000215743.8	rules_mapping	reference	yes
PB.23041.1	PB.15741.1	rules_mapping	lr_defined	no
PB.23045.2	PB.164573.2	rules_mapping	lr_defined	no
PB.23047.1	ENST00000397500.5	rules_mapping	reference	no
PB.23047.2	ENST00000382151.6	rules_mapping	reference	no
PB.23049.1	PB.23049.3	rules_mapping	lr_defined	no
PB.23052.1	PB.157471.2	rules_mapping	lr_defined	no
PB.23058.1	ENST00000216181.11	rules_mapping	reference	yes
PB.23061.1	PB.137368.1	rules_mapping	lr_defined	no
PB.23067.1	PB.157480.3	rules_mapping	lr_defined	no
PB.23072.2	PB.164593.1	rules_mapping	lr_defined	no
PB.23072.2	PB.150567.3	rules_mapping	lr_defined	no
PB.23072.2	PB.37923.1	rules_mapping	lr_defined	no
PB.23078.2	ENST00000396832.6	rules_mapping	reference	no
PB.23078.2	ENST00000403904.5	rules_mapping	reference	no
PB.23089.1	ENST00000435456.7	rules_mapping	reference	no
PB.23103.1	ENST00000327678.10	rules_mapping	reference	yes
PB.23117.1	ENST00000441876.7	rules_mapping	reference	no
PB.23130.1	ENST00000626012.2	rules_mapping	reference	no
PB.23130.2	PB.164655.6	rules_mapping	lr_defined	no
PB.23138.1	ENST00000420993.7	rules_mapping	reference	no
PB.23138.3	ENST00000420993.7	rules_mapping	reference	no
PB.23139.1	PB.45531.1	rules_mapping	lr_defined	no
PB.30357.1	ENST00000657965.1	rules_mapping	reference	no
PB.30357.2	ENST00000661115.1	rules_mapping	reference	yes
PB.30360.1	PB.22970.1	rules_mapping	lr_defined	no
PB.30368.1	PB.8639.6	rules_mapping	lr_defined	no
PB.30368.1	PB.137296.4	rules_mapping	lr_defined	no
PB.30375.1	ENST00000455784.7	rules_mapping	reference	yes
PB.30378.7	PB.22989.3	rules_mapping	lr_defined	no
PB.30378.7	PB.164521.1	rules_mapping	lr_defined	no
PB.30418.2	PB.23029.4	rules_mapping	lr_defined	no
PB.30420.1	PB.88800.4	rules_mapping	lr_defined	no
PB.30420.1	PB.150527.1	rules_mapping	lr_defined	no
PB.30427.1	PB.3831.1	rules_mapping	lr_defined	no
PB.30427.1	PB.143853.1	rules_mapping	lr_defined	no
PB.30427.1	PB.3831.5	rules_mapping	lr_defined	no
PB.30432.1	PB.124796.4	rules_mapping	lr_defined	no
PB.30434.1	PB.130875.4	rules_mapping	lr_defined	no
PB.30434.1	PB.130875.5	rules_mapping	lr_defined	no
PB.30434.1	PB.143862.3	rules_mapping	lr_defined	no
PB.30434.1	PB.130875.6	rules_mapping	lr_defined	no
PB.30439.1	ENST00000382151.6	rules_mapping	reference	no
PB.30442.1	PB.23049.3	rules_mapping	lr_defined	no
PB.30450.1	PB.23057.1	rules_mapping	lr_defined	no
PB.30450.2	PB.23057.1	rules_mapping	lr_defined	no
PB.30450.3	PB.23057.1	rules_mapping	lr_defined	no
PB.30454.1	PB.37907.1	rules_mapping	lr_defined	no
PB.30454.2	PB.37907.1	rules_mapping	lr_defined	no
PB.30454.3	PB.37907.4	rules_mapping	lr_defined	no
PB.30456.2	PB.143880.1	rules_mapping	lr_defined	no
PB.30456.2	PB.137367.1	rules_mapping	lr_defined	no
PB.30456.2	PB.130894.1	rules_mapping	lr_defined	no
PB.30458.1	PB.23065.1	rules_mapping	lr_defined	no
PB.30464.3	PB.37921.1	rules_mapping	lr_defined	no
PB.30467.1	PB.164593.1	rules_mapping	lr_defined	no
PB.30471.2	ENST00000396832.6	rules_mapping	reference	no
PB.30471.2	ENST00000403904.5	rules_mapping	reference	no
PB.30504.1	ENST00000216180.8	rules_mapping	reference	no
PB.30509.1	PB.53046.1	rules_mapping	lr_defined	no
PB.30509.1	PB.45510.2	rules_mapping	lr_defined	no
PB.30520.3	PB.150622.2	rules_mapping	lr_defined	no
PB.30520.3	PB.150622.1	rules_mapping	lr_defined	no
PB.30520.3	PB.143933.1	rules_mapping	lr_defined	no
PB.30520.3	PB.150622.3	rules_mapping	lr_defined	no
PB.30523.1	PB.88862.2	rules_mapping	lr_defined	no
PB.30523.2	PB.88862.2	rules_mapping	lr_defined	no
PB.30523.3	PB.88862.2	rules_mapping	lr_defined	no
PB.30530.1	ENST00000380903.7	rules_mapping	reference	yes
PB.30537.1	PB.88870.1	rules_mapping	lr_defined	no
PB.30541.2	ENST00000395678.7	rules_mapping	reference	yes
PB.37852.2	ENST00000292748.7	rules_mapping	reference	no
PB.37853.1	ENST00000611748.1	rules_mapping	reference	yes
PB.37856.1	PB.52918.1	rules_mapping	lr_defined	no
PB.37860.2	PB.15703.3	rules_mapping	lr_defined	no
PB.37860.4	PB.23012.4	rules_mapping	lr_defined	no
PB.37860.4	PB.164540.1	rules_mapping	lr_defined	no
PB.37860.4	PB.15703.3	rules_mapping	lr_defined	no
PB.37865.1	ENST00000215829.8	rules_mapping	reference	no
PB.37871.2	PB.30414.1	rules_mapping	lr_defined	no
PB.37871.3	PB.30414.1	rules_mapping	lr_defined	no
PB.37871.4	PB.30414.1	rules_mapping	lr_defined	no
PB.37872.1	ENST00000448492.6	rules_mapping	reference	yes
PB.37872.1	ENST00000249064.9	rules_mapping	reference	no
PB.37872.1	ENST00000421503.6	rules_mapping	reference	yes
PB.37883.1	ENST00000354694.12	rules_mapping	reference	yes
PB.37890.1	ENST00000382151.6	rules_mapping	reference	no
PB.37898.1	PB.143874.1	rules_mapping	lr_defined	no
PB.37902.1	PB.143876.2	rules_mapping	lr_defined	no
PB.37902.1	PB.150554.1	rules_mapping	lr_defined	no
PB.37907.2	PB.37907.1	rules_mapping	lr_defined	no
PB.37907.3	PB.37907.1	rules_mapping	lr_defined	no
PB.37907.3	PB.37907.4	rules_mapping	lr_defined	no
PB.37912.1	ENST00000249014.5	rules_mapping	reference	yes
PB.37912.2	PB.45462.1	rules_mapping	lr_defined	no
PB.37932.1	ENST00000396821.8	rules_mapping	reference	no
PB.37943.1	PB.8707.1	rules_mapping	lr_defined	no
PB.37943.1	PB.8707.2	rules_mapping	lr_defined	no
PB.3796.1	PB.8631.2	rules_mapping	lr_defined	no
PB.3796.2	PB.8631.2	rules_mapping	lr_defined	no
PB.37962.3	PB.37962.1	rules_mapping	lr_defined	no
PB.37965.1	ENST00000216180.8	rules_mapping	reference	no
PB.37965.2	ENST00000216180.8	rules_mapping	reference	no
PB.37966.1	ENST00000350028.5	rules_mapping	reference	yes
PB.37974.1	PB.164636.1	rules_mapping	lr_defined	no
PB.37974.2	ENST00000441876.7	rules_mapping	reference	no
PB.37974.2	ENST00000216214.7	rules_mapping	reference	yes
PB.37993.1	ENST00000420993.7	rules_mapping	reference	no
PB.37994.2	PB.53068.2	rules_mapping	lr_defined	no
PB.37996.2	ENST00000216124.10	rules_mapping	reference	yes
PB.3813.1	ENST00000215832.11	rules_mapping	reference	yes
PB.3814.2	ENST00000263212.10	rules_mapping	reference	yes
PB.3814.4	PB.164538.1	rules_mapping	lr_defined	no
PB.3820.5	PB.8661.1	rules_mapping	lr_defined	no
PB.3821.4	PB.3821.1	rules_mapping	lr_defined	no
PB.3821.6	PB.3821.2	rules_mapping	lr_defined	no
PB.3828.1	ENST00000432560.6	rules_mapping	reference	yes
PB.3828.1	ENST00000405198.6	rules_mapping	reference	yes
PB.3830.4	PB.3830.3	rules_mapping	lr_defined	no
PB.3835.1	ENST00000327423.11	rules_mapping	reference	no
PB.3836.4	ENST00000646969.1	rules_mapping	reference	yes
PB.3841.11	ENST00000216181.11	rules_mapping	reference	no
PB.3841.12	ENST00000216181.11	rules_mapping	reference	no
PB.3841.14	PB.3841.13	rules_mapping	lr_defined	no
PB.3841.15	PB.3841.13	rules_mapping	lr_defined	no
PB.3841.16	PB.3841.13	rules_mapping	lr_defined	no
PB.3841.21	PB.3841.13	rules_mapping	lr_defined	no
PB.3841.24	PB.3841.13	rules_mapping	lr_defined	no
PB.3846.1	PB.124823.2	rules_mapping	lr_defined	no
PB.3848.1	ENST00000396821.8	rules_mapping	reference	no
PB.3853.2	ENST00000454349.7	rules_mapping	reference	no
PB.3854.1	PB.45484.2	rules_mapping	lr_defined	no
PB.3854.1	PB.75777.1	rules_mapping	lr_defined	no
PB.3856.1	ENST00000357137.9	rules_mapping	reference	no
PB.3863.4	ENST00000361204.9	rules_mapping	reference	yes
PB.3865.3	PB.3865.2	rules_mapping	lr_defined	no
PB.3870.1	ENST00000407236.5	rules_mapping	reference	no
PB.3872.2	ENST00000454366.2	rules_mapping	reference	no
PB.3872.3	ENST00000454366.2	rules_mapping	reference	no
PB.45357.3	PB.45357.1	rules_mapping	lr_defined	no
PB.45360.1	ENST00000317361.11	rules_mapping	reference	yes
PB.45360.1	ENST00000614949.4	rules_mapping	reference	yes
PB.45360.1	ENST00000622694.5	rules_mapping	reference	yes
PB.45363.1	PB.37831.1	rules_mapping	lr_defined	no
PB.45374.1	ENST00000320602.11	rules_mapping	reference	no
PB.45374.1	ENST00000334554.12	rules_mapping	reference	no
PB.45375.1	ENST00000043402.8	rules_mapping	reference	yes
PB.45387.1	ENST00000611748.1	rules_mapping	reference	no
PB.45389.2	PB.68214.4	rules_mapping	lr_defined	no
PB.45390.2	PB.150505.2	rules_mapping	lr_defined	no
PB.45396.1	PB.130846.1	rules_mapping	lr_defined	no
PB.45406.1	ENST00000215829.8	rules_mapping	reference	no
PB.45408.1	ENST00000444995.7	rules_mapping	reference	no
PB.45410.1	PB.37869.1	rules_mapping	lr_defined	no
PB.45415.2	PB.164554.2	rules_mapping	lr_defined	no
PB.45417.2	PB.143844.1	rules_mapping	lr_defined	no
PB.45417.2	PB.150522.2	rules_mapping	lr_defined	no
PB.45419.2	ENST00000216085.12	rules_mapping	reference	yes
PB.45419.3	PB.60634.1	rules_mapping	lr_defined	no
PB.45425.1	PB.3830.3	rules_mapping	lr_defined	no
PB.45432.1	PB.137348.1	rules_mapping	lr_defined	no
PB.45432.1	PB.124797.1	rules_mapping	lr_defined	no
PB.45432.1	PB.23039.1	rules_mapping	lr_defined	no
PB.45432.1	PB.150540.1	rules_mapping	lr_defined	no
PB.45434.1	PB.157461.2	rules_mapping	lr_defined	no
PB.45434.1	PB.150544.1	rules_mapping	lr_defined	no
PB.45434.1	PB.143863.3	rules_mapping	lr_defined	no
PB.45447.2	PB.164580.1	rules_mapping	lr_defined	no
PB.45456.1	PB.37907.1	rules_mapping	lr_defined	no
PB.45456.2	PB.37907.1	rules_mapping	lr_defined	no
PB.45464.1	PB.157480.3	rules_mapping	lr_defined	no
PB.45470.1	PB.124822.2	rules_mapping	lr_defined	no
PB.45478.1	ENST00000333039.4	rules_mapping	reference	yes
PB.45486.2	PB.8707.2	rules_mapping	lr_defined	no
PB.45487.2	ENST00000435456.7	rules_mapping	reference	no
PB.45504.1	ENST00000352397.10	rules_mapping	reference	yes
PB.45504.10	PB.37962.1	rules_mapping	lr_defined	no
PB.45504.2	ENST00000352397.10	rules_mapping	reference	no
PB.45504.5	ENST00000352397.10	rules_mapping	reference	no
PB.45504.6	ENST00000352397.10	rules_mapping	reference	no
PB.45504.7	PB.37962.1	rules_mapping	lr_defined	no
PB.45504.8	PB.37962.1	rules_mapping	lr_defined	no
PB.45504.9	PB.37962.1	rules_mapping	lr_defined	no
PB.45510.3	ENST00000336985.11	rules_mapping	reference	yes
PB.45517.1	ENST00000407236.5	rules_mapping	reference	no
PB.45517.1	ENST00000262735.9	rules_mapping	reference	no
PB.45524.1	ENST00000608025.2	rules_mapping	reference	yes
PB.45531.2	PB.68362.1	rules_mapping	lr_defined	no
PB.45533.2	ENST00000356098.9	rules_mapping	reference	yes
PB.52897.2	PB.60595.2	rules_mapping	lr_defined	no
PB.52905.1	PB.157402.1	rules_mapping	lr_defined	no
PB.52911.1	PB.45384.1	rules_mapping	lr_defined	no
PB.52912.1	ENST00000292748.7	rules_mapping	reference	no
PB.52915.3	ENST00000342192.9	rules_mapping	reference	no
PB.52917.1	PB.68214.4	rules_mapping	lr_defined	no
PB.52917.3	PB.68214.4	rules_mapping	lr_defined	no
PB.52917.5	PB.68214.4	rules_mapping	lr_defined	no
PB.52928.1	ENST00000344921.11	rules_mapping	reference	yes
PB.52928.2	ENST00000644036.2	rules_mapping	reference	yes
PB.52937.1	ENST00000404276.6	rules_mapping	reference	yes
PB.52954.1	ENST00000354694.12	rules_mapping	reference	no
PB.52955.1	ENST00000215838.8	rules_mapping	reference	yes
PB.52972.1	ENST00000438146.7	rules_mapping	reference	yes
PB.52972.3	ENST00000438146.7	rules_mapping	reference	no
PB.52975.3	PB.45454.1	rules_mapping	lr_defined	no
PB.52976.2	PB.37907.1	rules_mapping	lr_defined	no
PB.52976.3	PB.37907.1	rules_mapping	lr_defined	no
PB.52983.1	PB.37912.3	rules_mapping	lr_defined	no
PB.52983.1	PB.23065.1	rules_mapping	lr_defined	no
PB.52983.2	PB.45462.1	rules_mapping	lr_defined	no
PB.52984.1	PB.8695.1	rules_mapping	lr_defined	no
PB.52989.1	ENST00000248924.11	rules_mapping	reference	yes
PB.52989.2	ENST00000248924.11	rules_mapping	reference	no
PB.52989.3	ENST00000323205.10	rules_mapping	reference	yes
PB.53014.1	PB.8707.1	rules_mapping	lr_defined	no
PB.53014.1	PB.8707.2	rules_mapping	lr_defined	no
PB.53015.1	ENST00000435456.7	rules_mapping	reference	no
PB.53015.2	ENST00000435456.7	rules_mapping	reference	no
PB.53015.3	ENST00000544408.5	rules_mapping	reference	no
PB.53024.2	ENST00000263256.7	rules_mapping	reference	no
PB.53025.1	ENST00000359308.8	rules_mapping	reference	yes
PB.53031.1	ENST00000381348.4	rules_mapping	reference	yes
PB.53037.1	PB.37962.1	rules_mapping	lr_defined	no
PB.53037.3	ENST00000352397.10	rules_mapping	reference	no
PB.53046.2	ENST00000624862.3	rules_mapping	reference	yes
PB.53060.1	PB.37985.1	rules_mapping	lr_defined	no
PB.53061.1	ENST00000395829.1	rules_mapping	reference	yes
PB.53062.1	ENST00000380903.7	rules_mapping	reference	no
PB.53063.4	ENST00000215659.13	rules_mapping	reference	yes
PB.53068.1	PB.83272.1	rules_mapping	lr_defined	no
PB.53070.1	PB.60757.1	rules_mapping	lr_defined	no
PB.53070.1	PB.68364.1	rules_mapping	lr_defined	no
PB.60588.1	PB.22978.2	rules_mapping	lr_defined	no
PB.60607.2	PB.45384.1	rules_mapping	lr_defined	no
PB.60609.1	PB.68214.4	rules_mapping	lr_defined	no
PB.60609.2	PB.68214.4	rules_mapping	lr_defined	no
PB.60609.4	PB.68214.4	rules_mapping	lr_defined	no
PB.60617.1	ENST00000344921.11	rules_mapping	reference	no
PB.60623.1	ENST00000215829.8	rules_mapping	reference	no
PB.60632.1	ENST00000402731.6	rules_mapping	reference	yes
PB.60643.3	PB.23036.1	rules_mapping	lr_defined	no
PB.60662.3	ENST00000438146.7	rules_mapping	reference	no
PB.60665.1	PB.45454.1	rules_mapping	lr_defined	no
PB.60665.2	PB.45454.1	rules_mapping	lr_defined	no
PB.60670.1	PB.8695.1	rules_mapping	lr_defined	no
PB.60670.1	PB.150561.1	rules_mapping	lr_defined	no
PB.60670.1	PB.150561.3	rules_mapping	lr_defined	no
PB.60675.1	ENST00000323205.10	rules_mapping	reference	no
PB.60681.2	PB.88823.1	rules_mapping	lr_defined	no
PB.60681.2	PB.150568.1	rules_mapping	lr_defined	no
PB.60681.2	PB.124822.2	rules_mapping	lr_defined	no
PB.60681.4	PB.124822.2	rules_mapping	lr_defined	no
PB.60686.1	ENST00000396821.8	rules_mapping	reference	no
PB.60721.1	PB.37962.1	rules_mapping	lr_defined	no
PB.60721.2	PB.37962.1	rules_mapping	lr_defined	no
PB.60721.3	PB.37962.1	rules_mapping	lr_defined	no
PB.60721.5	PB.37962.1	rules_mapping	lr_defined	no
PB.60721.6	PB.37962.1	rules_mapping	lr_defined	no
PB.60721.7	PB.37962.1	rules_mapping	lr_defined	no
PB.60742.1	PB.88862.2	rules_mapping	lr_defined	no
PB.60748.1	PB.164653.5	rules_mapping	lr_defined	no
PB.60748.3	PB.164653.3	rules_mapping	lr_defined	no
PB.68187.1	PB.130819.2	rules_mapping	lr_defined	no
PB.68191.2	PB.52887.1	rules_mapping	lr_defined	no
PB.68224.1	PB.3820.4	rules_mapping	lr_defined	no
PB.68236.1	PB.60632.2	rules_mapping	lr_defined	no
PB.68236.3	PB.60632.2	rules_mapping	lr_defined	no
PB.68236.4	PB.45415.1	rules_mapping	lr_defined	no
PB.68236.4	PB.164554.2	rules_mapping	lr_defined	no
PB.68241.2	PB.137340.2	rules_mapping	lr_defined	no
PB.68241.2	PB.88800.4	rules_mapping	lr_defined	no
PB.68241.2	PB.60636.2	rules_mapping	lr_defined	no
PB.68241.2	PB.88800.1	rules_mapping	lr_defined	no
PB.68241.2	PB.8671.2	rules_mapping	lr_defined	no
PB.68241.2	PB.157444.1	rules_mapping	lr_defined	no
PB.68258.1	ENST00000330125.10	rules_mapping	reference	no
PB.68259.1	ENST00000382151.6	rules_mapping	reference	no
PB.68267.1	ENST00000216106.6	rules_mapping	reference	yes
PB.68270.1	ENST00000438146.7	rules_mapping	reference	no
PB.68270.2	PB.137362.1	rules_mapping	lr_defined	no
PB.68270.3	PB.60662.1	rules_mapping	lr_defined	no
PB.68270.5	PB.137362.1	rules_mapping	lr_defined	no
PB.68270.6	ENST00000405409.6	rules_mapping	reference	yes
PB.68276.1	PB.68276.5	rules_mapping	lr_defined	no
PB.68280.2	PB.8695.1	rules_mapping	lr_defined	no
PB.68285.1	PB.60675.3	rules_mapping	lr_defined	no
PB.68286.1	PB.45467.4	rules_mapping	lr_defined	no
PB.68286.1	PB.37921.1	rules_mapping	lr_defined	no
PB.68287.1	PB.164593.1	rules_mapping	lr_defined	no
PB.68296.1	ENST00000396821.8	rules_mapping	reference	no
PB.68307.1	ENST00000344138.9	rules_mapping	reference	yes
PB.68309.1	ENST00000623063.3	rules_mapping	reference	yes
PB.68328.1	ENST00000327678.10	rules_mapping	reference	no
PB.68328.3	ENST00000327678.10	rules_mapping	reference	no
PB.68331.1	ENST00000352397.10	rules_mapping	reference	no
PB.68331.3	PB.37962.1	rules_mapping	lr_defined	no
PB.68331.4	PB.37962.1	rules_mapping	lr_defined	no
PB.68331.4	PB.23105.2	rules_mapping	lr_defined	no
PB.68331.4	PB.45504.4	rules_mapping	lr_defined	no
PB.68331.4	PB.30499.2	rules_mapping	lr_defined	no
PB.68331.4	PB.60721.4	rules_mapping	lr_defined	no
PB.68338.2	ENST00000422871.5	rules_mapping	reference	yes
PB.68338.2	ENST00000444313.8	rules_mapping	reference	yes
PB.68352.2	PB.164653.5	rules_mapping	lr_defined	no
PB.68353.1	ENST00000608025.2	rules_mapping	reference	no
PB.68359.2	PB.164658.4	rules_mapping	lr_defined	no
PB.68359.2	PB.150637.6	rules_mapping	lr_defined	no
PB.68359.2	PB.60753.1	rules_mapping	lr_defined	no
PB.68359.2	PB.150637.2	rules_mapping	lr_defined	no
PB.68359.2	PB.150637.5	rules_mapping	lr_defined	no
PB.75667.1	ENST00000253413.10	rules_mapping	reference	yes
PB.75670.1	PB.157386.1	rules_mapping	lr_defined	no
PB.75692.2	PB.75692.3	rules_mapping	lr_defined	no
PB.75695.1	PB.75695.5	rules_mapping	lr_defined	no
PB.75695.2	PB.68214.4	rules_mapping	lr_defined	no
PB.75701.1	PB.164538.1	rules_mapping	lr_defined	no
PB.75708.1	ENST00000536101.5	rules_mapping	reference	yes
PB.75708.1	ENST00000335473.12	rules_mapping	reference	yes
PB.75710.2	PB.143838.4	rules_mapping	lr_defined	no
PB.75714.1	ENST00000335272.10	rules_mapping	reference	no
PB.75714.2	PB.30413.1	rules_mapping	lr_defined	no
PB.75720.1	PB.52944.1	rules_mapping	lr_defined	no
PB.75720.1	PB.23030.1	rules_mapping	lr_defined	no
PB.75720.1	PB.130867.3	rules_mapping	lr_defined	no
PB.75720.1	PB.60636.2	rules_mapping	lr_defined	no
PB.75720.1	PB.88800.5	rules_mapping	lr_defined	no
PB.75737.3	PB.88811.1	rules_mapping	lr_defined	no
PB.75743.1	PB.137362.1	rules_mapping	lr_defined	no
PB.75743.2	ENST00000414461.6	rules_mapping	reference	no
PB.75752.1	ENST00000249071.11	rules_mapping	reference	no
PB.75757.1	PB.60675.3	rules_mapping	lr_defined	no
PB.75774.1	ENST00000401609.5	rules_mapping	reference	yes
PB.75774.1	ENST00000216146.9	rules_mapping	reference	yes
PB.75774.5	PB.68302.2	rules_mapping	lr_defined	no
PB.75774.6	PB.68302.2	rules_mapping	lr_defined	no
PB.75774.6	PB.60695.3	rules_mapping	lr_defined	no
PB.75774.6	PB.37938.3	rules_mapping	lr_defined	no
PB.75778.1	PB.8707.2	rules_mapping	lr_defined	no
PB.75784.1	ENST00000406644.7	rules_mapping	reference	yes
PB.75784.1	ENST00000266304.9	rules_mapping	reference	yes
PB.75790.1	PB.23097.3	rules_mapping	lr_defined	no
PB.75790.1	PB.68324.1	rules_mapping	lr_defined	no
PB.75790.1	PB.23097.1	rules_mapping	lr_defined	no
PB.75790.1	PB.23097.5	rules_mapping	lr_defined	no
PB.75790.1	PB.164619.1	rules_mapping	lr_defined	no
PB.75795.2	PB.75795.1	rules_mapping	lr_defined	no
PB.75810.1	ENST00000405673.5	rules_mapping	reference	yes
PB.75815.1	ENST00000454366.2	rules_mapping	reference	no
PB.75828.1	ENST00000656328.1	rules_mapping	reference	yes
PB.83094.2	ENST00000437781.5	rules_mapping	reference	yes
PB.83094.3	ENST00000437781.5	rules_mapping	reference	no
PB.83126.1	ENST00000611748.1	rules_mapping	reference	no
PB.83130.1	PB.52918.1	rules_mapping	lr_defined	no
PB.83137.1	PB.52927.1	rules_mapping	lr_defined	no
PB.83149.1	PB.60632.2	rules_mapping	lr_defined	no
PB.83149.1	PB.30414.1	rules_mapping	lr_defined	no
PB.83155.1	PB.83155.2	rules_mapping	lr_defined	no
PB.83159.2	ENST00000266263.10	rules_mapping	reference	yes
PB.83168.1	ENST00000327423.11	rules_mapping	reference	no
PB.83172.1	PB.88811.1	rules_mapping	lr_defined	no
PB.83182.1	PB.37907.1	rules_mapping	lr_defined	no
PB.83184.1	PB.68276.2	rules_mapping	lr_defined	no
PB.83184.1	PB.68276.3	rules_mapping	lr_defined	no
PB.83184.1	PB.60666.1	rules_mapping	lr_defined	no
PB.83186.1	PB.8695.1	rules_mapping	lr_defined	no
PB.83194.1	PB.37922.1	rules_mapping	lr_defined	no
PB.83194.1	PB.52991.1	rules_mapping	lr_defined	no
PB.83213.1	ENST00000361441.5	rules_mapping	reference	no
PB.83216.2	PB.83216.9	rules_mapping	lr_defined	no
PB.83216.3	PB.68302.2	rules_mapping	lr_defined	no
PB.83216.5	PB.68302.2	rules_mapping	lr_defined	no
PB.83216.6	PB.68302.2	rules_mapping	lr_defined	no
PB.83232.1	ENST00000396504.6	rules_mapping	reference	yes
PB.83247.1	PB.75802.2	rules_mapping	lr_defined	no
PB.83250.1	PB.53043.1	rules_mapping	lr_defined	no
PB.83269.1	PB.130960.1	rules_mapping	lr_defined	no
PB.83269.1	PB.130960.3	rules_mapping	lr_defined	no
PB.83269.1	PB.88868.3	rules_mapping	lr_defined	no
PB.83269.1	PB.124869.4	rules_mapping	lr_defined	no
PB.83274.1	PB.60757.1	rules_mapping	lr_defined	no
PB.83275.1	ENST00000664402.1	rules_mapping	reference	yes
PB.83275.1	ENST00000262795.6	rules_mapping	reference	yes
PB.8639.2	ENST00000263196.12	rules_mapping	reference	no
PB.8639.5	ENST00000545799.5	rules_mapping	reference	no
PB.8639.7	ENST00000545799.5	rules_mapping	reference	no
PB.8639.8	ENST00000263196.12	rules_mapping	reference	no
PB.8641.1	ENST00000263208.5	rules_mapping	reference	yes
PB.8645.1	ENST00000403682.7	rules_mapping	reference	yes
PB.8649.5	ENST00000646124.2	rules_mapping	reference	yes
PB.8649.6	ENST00000646124.2	rules_mapping	reference	no
PB.8656.1	PB.137316.2	rules_mapping	lr_defined	no
PB.8656.2	PB.143826.5	rules_mapping	lr_defined	no
PB.8665.2	ENST00000336873.9	rules_mapping	reference	no
PB.8666.2	ENST00000613780.4	rules_mapping	reference	no
PB.8687.2	ENST00000438146.7	rules_mapping	reference	no
PB.8687.2	ENST00000405409.6	rules_mapping	reference	no
PB.8689.1	ENST00000397224.9	rules_mapping	reference	no
PB.8689.2	PB.137366.1	rules_mapping	lr_defined	no
PB.8698.1	ENST00000216044.10	rules_mapping	reference	yes
PB.8699.1	ENST00000333039.4	rules_mapping	reference	no
PB.8705.1	ENST00000454349.7	rules_mapping	reference	no
PB.8706.1	PB.111660.1	rules_mapping	lr_defined	no
PB.8721.2	ENST00000336156.10	rules_mapping	reference	no
PB.8723.1	PB.143931.1	rules_mapping	lr_defined	no
PB.8723.1	PB.150620.1	rules_mapping	lr_defined	no
PB.8723.1	PB.150620.3	rules_mapping	lr_defined	no
PB.8724.1	ENST00000454366.2	rules_mapping	reference	no
PB.8724.2	ENST00000454366.2	rules_mapping	reference	no
PB.8724.3	ENST00000454366.2	rules_mapping	reference	no
PB.8724.4	ENST00000454366.2	rules_mapping	reference	no
PB.8724.5	ENST00000454366.2	rules_mapping	reference	no
PB.8726.1	ENST00000406902.6	rules_mapping	reference	yes
PB.8726.2	PB.8726.3	rules_mapping	lr_defined	no
PB.8726.4	ENST00000406902.6	rules_mapping	reference	no
PB.8736.1	PB.164659.2	rules_mapping	lr_defined	no
PB.8736.2	PB.164659.2	rules_mapping	lr_defined	no
PB.88761.3	ENST00000545799.5	rules_mapping	reference	no
PB.88761.3	ENST00000263196.12	rules_mapping	reference	no
PB.88761.3	ENST00000537045.5	rules_mapping	reference	no
PB.88763.1	PB.45368.1	rules_mapping	lr_defined	no
PB.88771.2	ENST00000646124.2	rules_mapping	reference	no
PB.88773.1	PB.68214.4	rules_mapping	lr_defined	no
PB.88774.1	PB.157414.1	rules_mapping	lr_defined	no
PB.88774.1	PB.45390.1	rules_mapping	lr_defined	no
PB.88774.1	PB.150505.2	rules_mapping	lr_defined	no
PB.88774.1	PB.8652.2	rules_mapping	lr_defined	no
PB.88774.1	PB.143822.1	rules_mapping	lr_defined	no
PB.88777.1	PB.143826.5	rules_mapping	lr_defined	no
PB.88777.2	PB.143826.5	rules_mapping	lr_defined	no
PB.88777.3	ENST00000357179.10	rules_mapping	reference	no
PB.88777.4	PB.143826.5	rules_mapping	lr_defined	no
PB.88777.5	PB.143826.5	rules_mapping	lr_defined	no
PB.88777.6	PB.137316.2	rules_mapping	lr_defined	no
PB.88779.2	ENST00000263116.8	rules_mapping	reference	yes
PB.88784.1	ENST00000433835.3	rules_mapping	reference	yes
PB.88788.1	PB.150518.1	rules_mapping	lr_defined	no
PB.88788.10	ENST00000398145.7	rules_mapping	reference	no
PB.88788.11	ENST00000398145.7	rules_mapping	reference	no
PB.88788.12	ENST00000336873.9	rules_mapping	reference	no
PB.88788.2	ENST00000336873.9	rules_mapping	reference	no
PB.88788.3	ENST00000398145.7	rules_mapping	reference	no
PB.88788.4	ENST00000336873.9	rules_mapping	reference	no
PB.88788.5	ENST00000336873.9	rules_mapping	reference	no
PB.88788.8	ENST00000336873.9	rules_mapping	reference	no
PB.88788.9	ENST00000336873.9	rules_mapping	reference	no
PB.88790.1	PB.143839.2	rules_mapping	lr_defined	no
PB.88792.1	ENST00000455418.7	rules_mapping	reference	no
PB.88800.6	PB.88800.3	rules_mapping	lr_defined	no
PB.88800.7	PB.88800.3	rules_mapping	lr_defined	no
PB.88804.1	ENST00000332585.11	rules_mapping	reference	no
PB.88804.2	ENST00000332585.11	rules_mapping	reference	no
PB.88804.4	ENST00000332585.11	rules_mapping	reference	no
PB.88810.1	ENST00000266085.7	rules_mapping	reference	yes
PB.88812.1	PB.3838.2	rules_mapping	lr_defined	no
PB.88815.1	PB.137366.1	rules_mapping	lr_defined	no
PB.88815.2	PB.137366.1	rules_mapping	lr_defined	no
PB.88815.3	PB.137366.2	rules_mapping	lr_defined	no
PB.88825.1	ENST00000405018.5	rules_mapping	reference	yes
PB.88825.2	ENST00000405510.5	rules_mapping	reference	no
PB.88828.2	PB.8702.1	rules_mapping	lr_defined	no
PB.88841.1	PB.8715.2	rules_mapping	lr_defined	no
PB.88851.1	ENST00000216180.8	rules_mapping	reference	no
PB.88857.1	ENST00000441876.7	rules_mapping	reference	no
PB.88857.2	PB.157528.1	rules_mapping	lr_defined	no
PB.88859.1	ENST00000262735.9	rules_mapping	reference	no
PB.88860.1	PB.157532.4	rules_mapping	lr_defined	no
PB.88862.1	PB.88862.2	rules_mapping	lr_defined	no
PB.88866.1	ENST00000448072.5	rules_mapping	reference	yes
PB.88871.1	PB.164659.2	rules_mapping	lr_defined	no
PB.96081.1	PB.45369.1	rules_mapping	lr_defined	no
PB.96081.1	PB.22986.3	rules_mapping	lr_defined	no
PB.96081.1	PB.52896.1	rules_mapping	lr_defined	no
PB.96081.1	PB.150487.1	rules_mapping	lr_defined	no
PB.96081.1	PB.157393.2	rules_mapping	lr_defined	no
PB.96085.1	PB.8643.2	rules_mapping	lr_defined	no
PB.96085.1	PB.88765.2	rules_mapping	lr_defined	no
PB.96085.1	PB.22991.1	rules_mapping	lr_defined	no
PB.96085.1	PB.37841.1	rules_mapping	lr_defined	no
PB.96085.1	PB.130831.1	rules_mapping	lr_defined	no
PB.96086.2	PB.83116.3	rules_mapping	lr_defined	no
PB.96086.4	PB.96086.3	rules_mapping	lr_defined	no
PB.96086.5	PB.83116.3	rules_mapping	lr_defined	no
PB.96086.6	ENST00000402752.5	rules_mapping	reference	yes
PB.96086.7	PB.83116.2	rules_mapping	lr_defined	no
PB.96086.7	PB.83116.5	rules_mapping	lr_defined	no
PB.96086.7	PB.60600.2	rules_mapping	lr_defined	no
PB.96093.2	PB.83121.1	rules_mapping	lr_defined	no
PB.96098.1	ENST00000407464.7	rules_mapping	reference	yes
PB.96098.1	ENST00000443632.2	rules_mapping	reference	yes
PB.96099.1	ENST00000407464.7	rules_mapping	reference	no
PB.96099.1	ENST00000443632.2	rules_mapping	reference	no
PB.96112.1	ENST00000358654.2	rules_mapping	reference	yes
PB.96113.1	PB.130857.2	rules_mapping	lr_defined	no
PB.96113.1	PB.137327.2	rules_mapping	lr_defined	no
PB.96113.1	PB.130857.7	rules_mapping	lr_defined	no
PB.96113.1	PB.130857.4	rules_mapping	lr_defined	no
PB.96113.1	PB.124775.1	rules_mapping	lr_defined	no
PB.96117.1	PB.30412.2	rules_mapping	lr_defined	no
PB.96117.1	PB.37869.1	rules_mapping	lr_defined	no
PB.96117.1	PB.30412.1	rules_mapping	lr_defined	no
PB.96117.1	PB.60629.1	rules_mapping	lr_defined	no
PB.96123.1	ENST00000398941.6	rules_mapping	reference	yes
PB.96123.4	ENST00000216027.8	rules_mapping	reference	no
PB.96135.2	PB.75725.2	rules_mapping	lr_defined	no
PB.96136.1	PB.137347.2	rules_mapping	lr_defined	no
PB.96136.1	PB.150539.1	rules_mapping	lr_defined	no
PB.96136.1	PB.23038.1	rules_mapping	lr_defined	no
PB.96136.1	PB.124796.4	rules_mapping	lr_defined	no
PB.96136.1	PB.137347.1	rules_mapping	lr_defined	no
PB.96144.1	PB.37891.2	rules_mapping	lr_defined	no
PB.96144.1	PB.52964.1	rules_mapping	lr_defined	no
PB.96144.1	PB.45443.1	rules_mapping	lr_defined	no
PB.96156.1	PB.103757.1	rules_mapping	lr_defined	no
PB.96156.3	ENST00000416967.1	rules_mapping	reference	yes
PB.96156.5	PB.83180.3	rules_mapping	lr_defined	no
PB.96174.1	ENST00000652019.1	rules_mapping	reference	yes
PB.96181.1	ENST00000361441.5	rules_mapping	reference	no
PB.96183.2	PB.83216.7	rules_mapping	lr_defined	no
PB.96183.4	PB.60695.3	rules_mapping	lr_defined	no
PB.96183.4	PB.83216.9	rules_mapping	lr_defined	no
PB.96183.4	PB.68302.2	rules_mapping	lr_defined	no
PB.96184.1	ENST00000318801.8	rules_mapping	reference	yes
PB.96191.1	ENST00000327492.4	rules_mapping	reference	yes
PB.96202.1	PB.30499.2	rules_mapping	lr_defined	no
PB.96202.1	PB.37962.1	rules_mapping	lr_defined	no
PB.96202.1	PB.23105.2	rules_mapping	lr_defined	no
PB.96213.1	ENST00000454366.2	rules_mapping	reference	no
PB.96223.1	ENST00000252029.8	rules_mapping	reference	yes
PB.96223.1	ENST00000395680.6	rules_mapping	reference	yes
