isoform	sample_1
ENSG00000025708.14_TD	3
ENSG00000054611.14_TD	8
ENSG00000069998.12_TD	6
ENSG00000070371.16_TD	11
ENSG00000070413.20_TD	20
ENSG00000073150.14_TD	7
ENSG00000073169.14_TD	4
ENSG00000075218.19_TD	47
ENSG00000075234.17_TD	10
ENSG00000075275.18_TD	4
ENSG00000093000.19_TD	5
ENSG00000093009.11_TD	2
ENSG00000093010.15_TD	2
ENSG00000093100.13_TD	4
ENSG00000099889.14_TD	2
ENSG00000099904.16_TD	22
ENSG00000099917.17_TD	4
ENSG00000099937.11_TD	3
ENSG00000099940.12_TD	4
ENSG00000099949.21_TD	18
ENSG00000099968.18_TD	5
ENSG00000099977.15_ENSG00000218537.1_TD	2
ENSG00000099977.15_TD	4
ENSG00000099991.18_TD	12
ENSG00000099994.11_TD	4
ENSG00000099995.19_TD	5
ENSG00000100003.18_TD	5
ENSG00000100014.20_ENSG00000128271.22_TD	2
ENSG00000100014.20_ENSG00000258555.6_TD	8
ENSG00000100023.20_TD	2
ENSG00000100029.18_ENSG00000128242.13_TD	2
ENSG00000100034.14_TD	12
ENSG00000100036.13_TD	10
ENSG00000100065.15_TD	4
ENSG00000100077.15_TD	4
ENSG00000100083.19_TD	48
ENSG00000100084.14_ENSG00000242259.9_TD	3
ENSG00000100084.14_TD	30
ENSG00000100099.21_TD	24
ENSG00000100100.13_ENSG00000228839.5_TD	5
ENSG00000100100.13_TD	6
ENSG00000100106.22_TD	20
ENSG00000100116.17_TD	3
ENSG00000100124.15_TD	5
ENSG00000100129.18_TD	4
ENSG00000100138.15_ENSG00000184208.12_TD	9
ENSG00000100138.15_TD	10
ENSG00000100142.16_ENSG00000100146.18_TD	39
ENSG00000100142.16_TD	5
ENSG00000100147.14_ENSG00000184068.2_TD	9
ENSG00000100147.14_TD	8
ENSG00000100150.20_ENSG00000285404.1_TD	2
ENSG00000100162.15_TD	3
ENSG00000100181.22_ENSG00000283633.1_TD	8
ENSG00000100181.22_TD	2
ENSG00000100201.23_TD	21
ENSG00000100206.10_TD	2
ENSG00000100209.11_TD	3
ENSG00000100220.12_TD	24
ENSG00000100227.18_TD	2
ENSG00000100228.14_TD	2
ENSG00000100234.12_TD	8
ENSG00000100239.16_TD	2
ENSG00000100241.21_TD	4
ENSG00000100243.21_TD	6
ENSG00000100246.13_TD	2
ENSG00000100263.14_TD	2
ENSG00000100266.19_TD	2
ENSG00000100280.17_TD	5
ENSG00000100281.14_TD	31
ENSG00000100284.22_TD	19
ENSG00000100296.14_TD	5
ENSG00000100297.16_TD	5
ENSG00000100304.13_TD	2
ENSG00000100307.13_TD	2
ENSG00000100320.23_TD	23
ENSG00000100324.14_TD	20
ENSG00000100325.15_TD	16
ENSG00000100330.16_TD	8
ENSG00000100344.11_TD	29
ENSG00000100345.22_TD	7
ENSG00000100347.15_TD	3
ENSG00000100348.10_ENSG00000100350.15_TD	6
ENSG00000100350.15_TD	12
ENSG00000100351.17_TD	6
ENSG00000100353.18_TD	7
ENSG00000100354.21_TD	9
ENSG00000100372.15_TD	3
ENSG00000100376.12_TD	4
ENSG00000100379.17_TD	2
ENSG00000100380.14_TD	4
ENSG00000100387.9_TD	2
ENSG00000100403.12_TD	10
ENSG00000100416.15_TD	2
ENSG00000100422.14_TD	3
ENSG00000128159.12_TD	2
ENSG00000128294.16_TD	2
ENSG00000128298.18_TD	20
ENSG00000128309.17_TD	36
ENSG00000130638.17_TD	31
ENSG00000133424.22_TD	4
ENSG00000159873.10_TD	2
ENSG00000167037.19_TD	2
ENSG00000169184.6_ENSG00000180957.18_TD	2
ENSG00000169184.6_TD	2
ENSG00000169635.10_TD	24
ENSG00000177663.14_TD	27
ENSG00000180957.18_TD	18
ENSG00000182841.12_TD	2
ENSG00000183066.14_ENSG00000215347.4_TD	2
ENSG00000183506.17_TD	25
ENSG00000183530.14_TD	30
ENSG00000183579.16_TD	4
ENSG00000183597.16_TD	8
ENSG00000183741.12_TD	87
ENSG00000183765.23_TD	3
ENSG00000183864.5_TD	34
ENSG00000183963.19_ENSG00000278920.1_TD	19
ENSG00000183963.19_TD	2
ENSG00000184117.12_TD	3
ENSG00000184319.16_TD	32
ENSG00000184381.20_TD	4
ENSG00000184470.21_TD	202
ENSG00000185065.6_ENSG00000273300.1_TD	2
ENSG00000185339.9_TD	2
ENSG00000185837.3_TD	6
ENSG00000185838.14_TD	2
ENSG00000187860.11_TD	2
ENSG00000188130.14_TD	3
ENSG00000188677.15_TD	12
ENSG00000189060.6_TD	27
ENSG00000189306.11_TD	8
ENSG00000196236.13_TD	9
ENSG00000196419.13_TD	6
ENSG00000196588.20_TD	16
ENSG00000197077.14_TD	5
ENSG00000197182.14_TD	28
ENSG00000198089.16_TD	7
ENSG00000198792.13_TD	18
ENSG00000198911.12_TD	36
ENSG00000205593.12_TD	8
ENSG00000206145.8_TD	2
ENSG00000206195.11_ENSG00000223875.2_TD	19
ENSG00000206195.11_TD	2
ENSG00000211643.2_ENSG00000272779.1_TD	6
ENSG00000211683.3_ENSG00000272578.5_TD	7
ENSG00000213279.2_TD	8
ENSG00000213923.13_ENSG00000244627.5_TD	6
ENSG00000213923.13_TD	7
ENSG00000215012.9_TD	21
ENSG00000221963.6_TD	11
ENSG00000223553.6_TD	4
ENSG00000224271.7_TD	2
ENSG00000225465.10_ENSG00000282816.1_TD	2
ENSG00000225783.8_TD	6
ENSG00000226328.7_TD	62
ENSG00000226471.6_TD	12
ENSG00000228315.12_TD	2
ENSG00000233360.4_TD	2
ENSG00000235954.7_TD	2
ENSG00000237438.7_ENSG00000273203.1_TD	5
ENSG00000239713.9_TD	3
ENSG00000241484.10_TD	6
ENSG00000241878.11_TD	38
ENSG00000241973.11_TD	7
ENSG00000242247.11_TD	4
ENSG00000242259.9_TD	52
ENSG00000243156.9_TD	9
ENSG00000243811.12_TD	2
ENSG00000244509.4_TD	13
ENSG00000244627.5_TD	17
ENSG00000250479.9_TD	4
ENSG00000251322.9_TD	4
ENSG00000251913.1_TD	2
ENSG00000253352.10_TD	29
ENSG00000271127.2_TD	4
ENSG00000273032.3_TD	2
ENSG00000273253.2_TD	2
ENSG00000274602.5_TD	2
ENSG00000280623.1_TD	11
ENSG00000283023.1_TD	2
ENSG00000283047.1_TD	2
ENSG00000284630.1_TD	10
ENSG00000286129.1_TD	11
ENST00000043402.8	10
ENST00000215659.13	5
ENST00000215743.8	2
ENST00000215754.8	3
ENST00000215829.8	18
ENST00000215832.11	4
ENST00000215838.8	2
ENST00000215941.9	168
ENST00000216039.9	19
ENST00000216044.10	3
ENST00000216080.5	2
ENST00000216083.6	21
ENST00000216099.13	2
ENST00000216106.6	76
ENST00000216124.10	8
ENST00000216127.5	6
ENST00000216180.8	4
ENST00000216181.11	2
ENST00000216185.7	21
ENST00000216237.10	19
ENST00000216267.12	2
ENST00000248929.14	4
ENST00000249064.9	7
ENST00000252136.12	7
ENST00000252934.10	12
ENST00000253413.10	3
ENST00000255858.12	7
ENST00000262735.9	5
ENST00000263116.8	11
ENST00000263201.7	24
ENST00000263207.8	33
ENST00000263208.5	8
ENST00000263212.10	12
ENST00000263245.10	9
ENST00000263246.8	25
ENST00000263253.9	2
ENST00000263256.7	44
ENST00000266085.7	4
ENST00000266254.12	2
ENST00000266269.10	4
ENST00000302097.3	2
ENST00000310624.7	41
ENST00000311597.10	4
ENST00000316185.8	4
ENST00000317361.11	2
ENST00000318109.12	2
ENST00000318801.8	2
ENST00000319363.11	12
ENST00000323013.7	15
ENST00000323630.9	4
ENST00000325301.7	6
ENST00000326132.11	253
ENST00000327365.10	2
ENST00000327374.9	11
ENST00000327423.11	2
ENST00000327492.4	2
ENST00000327678.10	17
ENST00000327858.11	7
ENST00000328268.9	28
ENST00000328554.9	25
ENST00000329627.11	4
ENST00000331163.11	19
ENST00000331454.3	3
ENST00000331728.9	6
ENST00000332050.10	6
ENST00000333039.4	2
ENST00000333137.12	2
ENST00000333395.10	11
ENST00000334363.14	6
ENST00000334679.4	12
ENST00000335473.12	2
ENST00000335727.13	22
ENST00000336156.10	10
ENST00000338641.10	2
ENST00000338758.12	20
ENST00000339468.8	2
ENST00000341116.7	21
ENST00000342192.9	6
ENST00000344138.9	11
ENST00000344318.4	103
ENST00000347557.6	9
ENST00000347635.9	5
ENST00000351933.8	14
ENST00000351989.8	2
ENST00000352645.5	5
ENST00000354336.8	55
ENST00000355143.8	6
ENST00000355209.9	4
ENST00000356098.9	4
ENST00000356244.8	10
ENST00000357137.9	5
ENST00000358502.10	16
ENST00000358743.5	3
ENST00000359114.9	13
ENST00000359308.8	4
ENST00000360719.6	2
ENST00000361204.9	16
ENST00000361441.5	2
ENST00000361676.8	2
ENST00000361684.8	9
ENST00000380817.8	2
ENST00000380903.7	8
ENST00000381176.5	2
ENST00000381348.4	5
ENST00000381756.9	2
ENST00000382734.9	22
ENST00000382974.6	15
ENST00000393264.2	3
ENST00000395619.3	7
ENST00000395621.7	4
ENST00000395701.7	3
ENST00000396398.8	25
ENST00000396821.8	2
ENST00000397523.5	155
ENST00000397871.5	12
ENST00000397872.5	15
ENST00000397906.6	16
ENST00000398145.7	33
ENST00000398319.6	39
ENST00000398344.9	2
ENST00000398831.8	2
ENST00000398941.6	3
ENST00000399163.6	5
ENST00000399523.5	4
ENST00000399568.5	3
ENST00000399744.8	2
ENST00000399824.6	8
ENST00000400242.8	2
ENST00000400249.7	2
ENST00000400358.9	2
ENST00000400451.7	4
ENST00000401461.5	6
ENST00000402042.7	3
ENST00000402284.7	5
ENST00000402320.6	6
ENST00000402766.5	12
ENST00000403325.5	2
ENST00000403363.5	81
ENST00000403744.7	7
ENST00000403888.7	6
ENST00000403987.3	4
ENST00000404241.6	2
ENST00000404390.7	6
ENST00000404569.5	6
ENST00000404724.7	29
ENST00000404802.7	10
ENST00000405198.6	6
ENST00000405237.7	4
ENST00000405309.7	8
ENST00000405409.6	12
ENST00000405442.5	4
ENST00000405510.5	5
ENST00000405640.1	2
ENST00000405659.5	2
ENST00000405878.5	16
ENST00000406385.1	5
ENST00000407217.7	3
ENST00000407319.7	4
ENST00000407422.8	2
ENST00000407817.3	3
ENST00000408439.3	5
ENST00000412277.6	2
ENST00000413817.8	16
ENST00000414461.6	8
ENST00000416967.1	10
ENST00000417718.7	5
ENST00000420290.6	7
ENST00000420537.1	5
ENST00000420993.7	18
ENST00000422871.5	25
ENST00000425190.7	5
ENST00000426053.5	7
ENST00000426282.6	8
ENST00000426452.2	2
ENST00000426721.2	3
ENST00000428707.2	3
ENST00000429360.6	38
ENST00000432560.6	2
ENST00000432883.5	33
ENST00000433835.3	3
ENST00000435456.7	2
ENST00000436075.1	2
ENST00000437685.6	5
ENST00000438754.6	5
ENST00000439169.2	9
ENST00000440456.5	2
ENST00000441006.5	3
ENST00000441876.7	118
ENST00000442738.7	2
ENST00000443658.5	9
ENST00000444039.1	2
ENST00000444995.7	4
ENST00000447208.6	2
ENST00000449017.6	2
ENST00000450866.1	4
ENST00000451060.6	3
ENST00000452055.5	13
ENST00000452284.1	4
ENST00000453344.6	2
ENST00000454366.2	4
ENST00000455915.6	58
ENST00000462330.5	2
ENST00000466237.2	41
ENST00000474879.7	639
ENST00000476405.1	4
ENST00000484558.3	57
ENST00000486209.5	8
ENST00000498589.1	3
ENST00000504184.3	10
ENST00000516104.1	2
ENST00000535425.5	2
ENST00000537045.5	5
ENST00000545681.2	13
ENST00000564152.1	91
ENST00000585003.1	13
ENST00000592107.5	2
ENST00000592918.5	9
ENST00000600723.1	6
ENST00000608286.1	18
ENST00000608842.1	2
ENST00000608952.1	12
ENST00000610372.4	3
ENST00000610390.4	2
ENST00000610959.4	9
ENST00000612978.5	2
ENST00000613780.4	3
ENST00000614949.4	4
ENST00000615189.5	5
ENST00000618518.3	2
ENST00000619918.1	9
ENST00000621462.4	4
ENST00000621561.5	2
ENST00000622694.5	2
ENST00000623075.1	2
ENST00000623458.1	2
ENST00000623543.1	2
ENST00000624919.1	2
ENST00000626012.2	24
ENST00000626825.1	4
ENST00000629869.1	2
ENST00000640084.1	22
ENST00000644036.2	10
ENST00000644773.2	7
ENST00000646124.2	10
ENST00000649077.1	2
ENST00000649288.1	2
ENST00000652019.1	2
ENST00000656328.1	6
ENST00000656592.1	6
ENST00000658453.1	2
ENST00000668666.1	2
ENST00000669665.1	6
ENST00000676678.1	4
ENST00000680860.1	5
ENST00000680978.1	2
PB.103687.1	2
PB.103689.1	40
PB.103694.1	2
PB.103695.1	4
PB.103697.1	16
PB.103698.1	8
PB.103699.1	2
PB.103700.1	19
PB.103702.1	5
PB.103703.1	16
PB.103704.1	9
PB.103706.2	2
PB.103710.1	22
PB.103711.1	54
PB.103712.1	5
PB.103713.1	22
PB.103714.1	35
PB.103717.1	31
PB.103720.1	453
PB.103721.1	9
PB.103722.1	2
PB.103723.1	18
PB.103724.1	64
PB.103725.1	5
PB.103726.1	2
PB.103728.1	23
PB.103729.1	10
PB.103730.1	4
PB.103731.1	69
PB.103734.1	2
PB.103735.1	13
PB.103737.1	2
PB.103739.1	2
PB.103740.1	6
PB.103741.1	7
PB.103742.1	2
PB.103743.1	52
PB.103744.1	100
PB.103745.1	11
PB.103746.1	5
PB.103752.1	3
PB.103754.1	7
PB.103758.1	4
PB.103760.1	2
PB.103762.1	27
PB.103766.1	17
PB.103767.1	61
PB.103767.2	3191
PB.103769.1	1909
PB.103770.1	2
PB.103772.1	15
PB.103774.1	18
PB.103775.1	2
PB.103778.1	228
PB.103779.1	2
PB.103784.1	66
PB.103785.1	6
PB.103786.1	119
PB.103787.2	6
PB.103789.1	2
PB.103790.1	2
PB.103792.1	16
PB.103793.2	443
PB.103794.1	39
PB.103796.1	2
PB.103797.1	3
PB.103798.1	15
PB.103799.3	176
PB.103799.4	647
PB.103799.5	27
PB.103804.1	238
PB.103806.1	4
PB.103808.1	54
PB.103810.1	7
PB.103811.2	35
PB.103813.1	3
PB.103815.1	56
PB.103816.1	7
PB.103818.1	2
PB.103819.1	3
PB.103820.1	2
PB.103828.1	4
PB.103829.1	30
PB.103830.1	11
PB.103836.1	2
PB.103837.1	2
PB.103838.1	5
PB.103838.2	3
PB.103839.1	10
PB.103841.1	2
PB.111549.1	6
PB.111549.2	4
PB.111551.1	27
PB.111552.1	12
PB.111552.2	2
PB.111554.1	5
PB.111558.1	4
PB.111559.1	2
PB.111562.1	2
PB.111563.1	79
PB.111564.1	5
PB.111564.2	2
PB.111566.1	2
PB.111568.1	10
PB.111573.1	116
PB.111575.1	5
PB.111577.1	8
PB.111582.1	24
PB.111583.1	323
PB.111584.2	29
PB.111590.1	6
PB.111591.1	2
PB.111596.1	30
PB.111597.1	15
PB.111601.1	3
PB.111602.1	737
PB.111602.2	81
PB.111603.1	4
PB.111604.1	39
PB.111605.1	2
PB.111606.1	9
PB.111608.1	3
PB.111610.1	2
PB.111611.1	3
PB.111613.1	21
PB.111617.1	52
PB.111621.1	4
PB.111622.2	4
PB.111623.1	15
PB.111627.1	2
PB.111628.1	2
PB.111629.1	3
PB.111630.1	7
PB.111632.1	12
PB.111633.1	5
PB.111634.1	9
PB.111635.1	36
PB.111638.2	379
PB.111639.1	17
PB.111642.1	8
PB.111645.1	2
PB.111646.1	364
PB.111648.1	38
PB.111651.1	4
PB.111652.1	16
PB.111654.1	2
PB.111657.1	4
PB.111660.1	4
PB.111661.1	3
PB.111663.2	2
PB.111668.1	2
PB.111672.1	37
PB.111675.1	50
PB.111677.1	3
PB.111678.1	4
PB.111680.1	2
PB.111683.1	2
PB.111685.1	2
PB.111690.1	6
PB.111693.1	37
PB.111696.1	5
PB.111699.1	5
PB.111700.1	2
PB.111701.1	15
PB.111705.1	10
PB.111706.1	2
PB.111707.1	3
PB.118863.1	2
PB.118864.1	4
PB.118865.1	4
PB.118866.1	12
PB.118869.1	3
PB.118870.1	14
PB.118872.1	5
PB.118874.1	3
PB.118875.1	2
PB.118876.1	4
PB.118877.1	6
PB.118878.1	7
PB.118879.1	3
PB.118882.2	2
PB.118882.3	53
PB.118884.1	2
PB.118886.1	4
PB.118889.1	7
PB.118891.1	15
PB.118897.1	2
PB.118901.1	6
PB.118905.1	3
PB.118906.1	5
PB.118908.1	2
PB.118911.1	3
PB.118916.1	2
PB.118917.1	2
PB.118921.2	10
PB.118923.1	2
PB.118924.1	2
PB.118931.1	4
PB.118933.1	2
PB.118935.1	4
PB.118938.1	13
PB.118939.1	9
PB.118942.1	2
PB.118943.1	5
PB.118948.1	8
PB.118949.1	4
PB.118950.1	3
PB.118950.2	2
PB.118951.1	3
PB.118953.1	8
PB.118954.1	5
PB.118958.2	56
PB.118958.3	5
PB.118961.1	2
PB.118962.1	36
PB.118962.2	3
PB.118964.1	3
PB.118965.1	2
PB.118965.3	4
PB.118975.1	13
PB.118977.1	2
PB.118980.1	2
PB.118981.1	58
PB.118985.1	2
PB.118988.1	2
PB.118989.1	7
PB.118991.1	2
PB.118993.2	14
PB.118994.1	5
PB.118996.1	4
PB.118998.1	10
PB.118999.1	6
PB.119000.1	31
PB.119005.1	3
PB.119006.1	6
PB.119009.1	9
PB.119011.1	5
PB.119015.1	2
PB.119018.1	2
PB.119019.1	4
PB.119020.1	7
PB.119021.1	30
PB.119022.1	5
PB.119029.1	7
PB.119032.1	2
PB.119034.1	2
PB.119036.1	6
PB.119037.1	4
PB.119038.1	2
PB.124736.1	11
PB.124737.1	2
PB.124739.1	2
PB.124744.2	45
PB.124753.1	2
PB.124756.1	6
PB.124756.2	15
PB.124756.3	2
PB.124756.4	184
PB.124756.5	10
PB.124757.1	4
PB.124758.1	4
PB.124760.1	24
PB.124765.2	28
PB.124765.3	3
PB.124768.1	20
PB.124770.2	14
PB.124772.1	5
PB.124773.1	3
PB.124774.1	3
PB.124775.1	74
PB.124775.2	470
PB.124778.2	4
PB.124778.3	4
PB.124778.4	3
PB.124778.5	2
PB.124780.2	2
PB.124787.2	7
PB.124797.1	12
PB.124799.3	20
PB.124801.3	7
PB.124807.1	3
PB.124811.1	4
PB.124812.3	35
PB.124814.1	2
PB.124815.1	2
PB.124816.1	4
PB.124818.1	4
PB.124820.1	6
PB.124822.2	417
PB.124823.2	8
PB.124825.2	5
PB.124826.2	9
PB.124829.1	3
PB.124830.1	5
PB.124832.1	5
PB.124837.1	4
PB.124838.1	8
PB.124838.3	3
PB.124841.2	6
PB.124842.4	10
PB.124844.1	2
PB.124846.1	418
PB.124848.2	4
PB.124854.1	7
PB.124857.1	3
PB.124858.1	4
PB.124859.1	6
PB.124867.1	2
PB.124868.2	10
PB.124869.2	6
PB.124869.4	157
PB.124870.1	2
PB.124870.3	3
PB.124871.1	2
PB.124871.2	2
PB.124871.3	5
PB.124872.1	3
PB.124873.1	13
PB.130815.4	5
PB.130816.1	8
PB.130819.4	39
PB.130819.6	140
PB.130820.1	2
PB.130821.2	4
PB.130824.1	8
PB.130825.1	8
PB.130827.1	8
PB.130828.1	3
PB.130831.1	4
PB.130832.3	2
PB.130833.1	52
PB.130834.1	261
PB.130835.4	380
PB.130835.5	20
PB.130835.6	10
PB.130835.8	11
PB.130836.2	6
PB.130838.1	102
PB.130841.1	2
PB.130844.1	2
PB.130845.1	9
PB.130847.1	4
PB.130850.1	2
PB.130855.1	48
PB.130856.1	2
PB.130857.2	16
PB.130858.1	7
PB.130858.2	23
PB.130863.1	4
PB.130865.1	14
PB.130866.2	15
PB.130867.3	5
PB.130868.1	2
PB.130871.3	2
PB.130871.4	5
PB.130872.1	4
PB.130875.4	8
PB.130875.5	392
PB.130875.6	8
PB.130875.8	4
PB.130876.2	19
PB.130878.1	59
PB.130878.2	11
PB.130886.1	27
PB.130888.1	102
PB.130890.6	40
PB.130892.1	2
PB.130893.1	2
PB.130894.1	38
PB.130900.1	6
PB.130902.1	2
PB.130904.1	12
PB.130905.1	2
PB.130907.1	5
PB.130909.1	11
PB.130912.1	4
PB.130913.2	243
PB.130913.3	5
PB.130914.1	126
PB.130915.1	2
PB.130916.3	5
PB.130917.1	2
PB.130920.1	5
PB.130924.1	3
PB.130931.3	2
PB.130932.3	7
PB.130932.4	5
PB.130934.6	119
PB.130935.3	95
PB.130935.6	4
PB.130937.2	605
PB.130946.3	2
PB.130947.1	11
PB.130948.1	2
PB.130950.1	3
PB.130951.1	4
PB.130954.1	5
PB.130957.1	5
PB.130958.1	7
PB.130960.4	72
PB.130960.5	2
PB.130961.1	3
PB.130961.2	5
PB.130963.1	2
PB.130963.2	7
PB.130963.4	2
PB.130963.6	112
PB.130963.9	77
PB.130964.2	8
PB.130966.1	20
PB.137290.2	100
PB.137293.1	16
PB.137294.2	13
PB.137294.4	10
PB.137294.5	10
PB.137296.4	26
PB.137298.1	6
PB.137304.5	2
PB.137306.1	91
PB.137307.12	2
PB.137308.1	4
PB.137310.1	3
PB.137310.2	3
PB.137313.3	2
PB.137316.2	10
PB.137316.5	2
PB.137317.3	2
PB.137322.2	5
PB.137322.3	6
PB.137323.2	16
PB.137324.1	5
PB.137325.1	2
PB.137326.1	3
PB.137327.2	10
PB.137331.1	2
PB.137332.1	2
PB.137335.1	138
PB.137336.1	3
PB.137337.1	17
PB.137337.3	27
PB.137339.1	31
PB.137340.2	3
PB.137344.2	819
PB.137347.1	4
PB.137347.2	15
PB.137348.1	4
PB.137350.4	35
PB.137359.1	2
PB.137362.1	26
PB.137363.1	18
PB.137364.2	66
PB.137365.1	2
PB.137366.1	23
PB.137366.2	38
PB.137368.1	9
PB.137369.1	190
PB.137370.1	19
PB.137374.1	29
PB.137374.2	9
PB.137374.3	5
PB.137375.1	6
PB.137378.1	2
PB.137381.3	196
PB.137382.1	2
PB.137383.1	6
PB.137383.2	2
PB.137387.2	3
PB.137387.3	3
PB.137387.4	5
PB.137387.5	8
PB.137387.6	3
PB.137387.7	46
PB.137392.1	7
PB.137393.4	5
PB.137396.1	6
PB.137399.2	13
PB.137400.2	4
PB.137401.1	11
PB.137402.1	6
PB.137403.1	85
PB.137403.2	2
PB.137406.1	8
PB.137411.2	2
PB.137412.1	3
PB.137413.1	2
PB.137414.1	7
PB.137416.1	3
PB.137417.1	7
PB.137422.1	14
PB.137422.2	2
PB.143797.1	81
PB.143807.1	2
PB.143811.1	6
PB.143812.3	2
PB.143812.5	43
PB.143814.3	3
PB.143814.6	4
PB.143814.8	2
PB.143815.1	2
PB.143817.1	30
PB.143822.5	2
PB.143826.1	13
PB.143826.5	70
PB.143828.1	217
PB.143829.1	6
PB.143831.1	4
PB.143832.1	3
PB.143838.4	43
PB.143839.2	14
PB.143839.3	238
PB.143842.1	10
PB.143844.1	3
PB.143849.2	30
PB.143852.2	94
PB.143852.3	168
PB.143852.4	29
PB.143852.6	188
PB.143853.1	5
PB.143855.1	5
PB.143859.2	4
PB.143862.3	2
PB.143869.1	3
PB.143872.1	15
PB.143876.1	172
PB.143876.2	3
PB.143877.3	36
PB.143880.1	4
PB.143883.3	2
PB.143883.7	263
PB.143887.1	2
PB.143889.2	2
PB.143890.1	3
PB.143892.2	11
PB.143895.1	2
PB.143896.1	2
PB.143896.2	2
PB.143897.1	4
PB.143900.1	2
PB.143901.2	29
PB.143901.3	14
PB.143901.4	7
PB.143901.6	5
PB.143901.7	2
PB.143901.8	2
PB.143907.2	18
PB.143907.4	30
PB.143907.5	2
PB.143913.1	15
PB.143914.1	3
PB.143916.2	4
PB.143916.3	2
PB.143919.3	3
PB.143929.1	3
PB.143933.1	14
PB.143934.1	2
PB.143937.1	2
PB.143938.1	3
PB.143938.2	10
PB.143938.4	9
PB.150482.1	6
PB.150486.1	2
PB.150487.1	4
PB.150488.1	2
PB.150490.1	2
PB.150492.6	11
PB.150492.9	7
PB.150499.1	2
PB.150501.1	9
PB.150505.1	84
PB.150505.2	36
PB.150505.3	2
PB.150506.1	2
PB.150507.1	3
PB.150510.1	18
PB.150511.1	8
PB.150517.1	5
PB.150518.1	84
PB.150522.2	53
PB.150526.1	94
PB.150527.1	8
PB.150532.1	5
PB.150534.1	2
PB.150537.2	2
PB.150537.3	2
PB.150539.1	2
PB.150540.1	4
PB.150543.4	2
PB.150545.2	2
PB.150547.1	3
PB.150558.1	2
PB.150559.1	2
PB.150560.1	3
PB.150561.4	4
PB.150566.1	5
PB.150567.3	148
PB.150568.1	3
PB.150569.2	32
PB.150569.3	21
PB.150571.1	6
PB.150578.4	4
PB.150583.1	2
PB.150583.2	6
PB.150583.3	3
PB.150583.4	2
PB.150584.1	11
PB.150585.1	4
PB.150586.3	5
PB.150586.4	63
PB.150586.6	224
PB.150589.1	9
PB.150589.3	16
PB.150592.5	39
PB.150594.1	2
PB.150603.3	8
PB.150604.1	5
PB.150604.3	9
PB.150605.1	3
PB.150607.1	4
PB.150609.2	9
PB.150615.4	3
PB.150620.1	13
PB.150620.3	242
PB.150621.1	257
PB.150622.2	14
PB.150624.1	2
PB.150628.1	2
PB.150631.1	4
PB.150631.2	30
PB.150632.2	52
PB.150632.4	2
PB.150632.5	2
PB.150633.1	9
PB.150635.1	2
PB.15679.2	8
PB.15680.1	69
PB.15681.3	2
PB.15682.1	16
PB.15682.5	6
PB.15683.1	3
PB.15684.9	2
PB.15689.1	2
PB.15693.1	2
PB.15702.1	3
PB.15703.1	211
PB.15703.3	2
PB.15704.1	3
PB.15708.1	2
PB.15709.1	2
PB.15712.2	17
PB.15712.9	26
PB.15715.1	2
PB.15722.1	22
PB.15728.1	4
PB.15730.1	4
PB.15734.1	47
PB.15737.1	2
PB.157384.1	2
PB.157386.1	11
PB.157393.1	13
PB.157393.2	9
PB.157396.1	3
PB.157397.1	10
PB.157398.1	282
PB.157398.2	4
PB.157399.1	6
PB.157401.1	35
PB.157402.1	78
PB.157404.1	10
PB.157407.1	4
PB.157409.1	3
PB.157415.1	4
PB.157416.2	6
PB.157419.1	7
PB.157421.1	9
PB.157423.1	11
PB.157425.3	53
PB.157427.1	11
PB.157429.1	2
PB.157434.1	4
PB.157436.1	2
PB.157439.1	4
PB.157442.4	2
PB.157442.5	9
PB.157443.1	15
PB.157443.2	209
PB.157443.3	2
PB.157444.1	3
PB.157447.1	70
PB.157449.1	7
PB.157450.3	4
PB.157455.1	5
PB.157456.2	88
PB.157457.1	36
PB.157459.1	3
PB.157460.1	6
PB.157472.1	3
PB.157472.2	1242
PB.157474.2	69
PB.157477.1	2
PB.157478.1	24
PB.157478.3	13
PB.157479.1	227
PB.157479.2	45
PB.157480.2	17
PB.157480.3	95
PB.157480.4	7
PB.157481.1	2
PB.157482.1	5
PB.157484.1	111
PB.157487.1	20
PB.157490.1	3
PB.157491.1	3
PB.157495.4	5
PB.157495.5	2
PB.157501.1	182
PB.157502.1	9
PB.157504.1	1347
PB.157505.1	4
PB.15751.3	13
PB.157512.2	7
PB.157512.4	6
PB.157513.1	10
PB.157513.2	2
PB.157518.1	4
PB.157521.1	5
PB.157522.2	8
PB.157528.1	6
PB.157529.1	2
PB.157532.4	4
PB.157533.1	3
PB.157537.1	2
PB.157538.1	2
PB.157541.1	21
PB.157542.1	76
PB.157542.2	2
PB.157542.5	6
PB.157543.1	2
PB.157544.2	3
PB.157545.1	8
PB.157546.8	2
PB.157547.1	5
PB.15756.1	5
PB.15763.1	2
PB.15765.1	5
PB.15767.2	5
PB.15772.2	2
PB.15777.1	105
PB.15784.1	6
PB.15785.1	5
PB.15792.1	19
PB.15804.2	19
PB.15806.1	3
PB.15810.1	10
PB.15811.1	5
PB.15816.1	136
PB.15818.2	2
PB.15822.2	3
PB.15833.1	8
PB.15834.1	2
PB.15835.1	2
PB.15836.1	3
PB.15837.1	2
PB.15840.1	2
PB.15841.2	6
PB.164508.1	60
PB.164510.1	4
PB.164515.1	34
PB.164519.2	6
PB.164520.1	51
PB.164521.1	26
PB.164522.1	5
PB.164523.2	76
PB.164523.4	9
PB.164525.1	3
PB.164525.2	4
PB.164527.3	6
PB.164527.4	8
PB.164528.1	5
PB.164529.1	488
PB.164530.1	357
PB.164532.1	2
PB.164532.2	6
PB.164538.1	164
PB.164539.1	2
PB.164542.1	2
PB.164545.1	24
PB.164547.4	26
PB.164547.7	138
PB.164547.8	86
PB.164547.9	62
PB.164550.1	13
PB.164551.1	4
PB.164553.1	5
PB.164554.1	5
PB.164554.2	136
PB.164556.1	2
PB.164557.1	3186
PB.164557.3	27
PB.164558.1	4
PB.164558.2	8
PB.164559.2	180
PB.164559.3	83
PB.164560.1	4
PB.164561.1	82
PB.164565.2	14
PB.164566.2	4
PB.164566.3	5
PB.164567.1	3
PB.164568.1	2
PB.164571.1	13
PB.164572.1	76
PB.164573.2	22
PB.164576.2	419
PB.164580.1	310
PB.164581.4	22
PB.164581.5	2
PB.164586.2	55
PB.164588.1	2
PB.164589.1	2
PB.164590.1	4
PB.164593.1	12
PB.164595.1	37
PB.164596.1	3
PB.164598.1	11
PB.164599.1	4
PB.164601.1	5
PB.164604.1	13
PB.164607.1	5
PB.164607.2	3
PB.164608.1	3
PB.164611.1	6
PB.164613.1	5
PB.164614.2	619
PB.164615.1	2
PB.164619.1	26
PB.164621.1	11
PB.164622.1	3
PB.164623.1	26
PB.164625.1	70
PB.164626.1	7
PB.164627.1	2
PB.164627.2	9
PB.164628.2	46
PB.164628.3	336
PB.164629.1	7
PB.164631.1	6
PB.164632.2	10
PB.164635.1	19
PB.164641.1	7
PB.164642.1	2
PB.164646.1	14
PB.164648.2	5
PB.164650.1	263
PB.164650.2	37
PB.164650.3	4
PB.164651.1	4
PB.164653.1	93
PB.164653.3	320
PB.164653.5	28
PB.164655.6	6
PB.164656.1	8
PB.164657.1	8
PB.164657.2	2
PB.164658.3	2
PB.164659.1	2
PB.164659.2	2
PB.164660.1	15
PB.22971.2	4
PB.22972.1	17
PB.22978.1	11
PB.22978.2	299
PB.22980.1	2
PB.22989.1	3
PB.22989.3	44
PB.22991.1	2
PB.22994.1	9
PB.22995.1	3
PB.22996.2	8
PB.22997.1	3
PB.22998.1	2
PB.23001.2	2
PB.23002.3	2
PB.23007.1	5
PB.23010.1	2
PB.23012.1	3
PB.23012.4	100
PB.23015.1	4
PB.23017.2	2
PB.23022.1	8
PB.23023.1	3
PB.23030.1	2
PB.23035.3	3
PB.23038.1	2
PB.23039.1	8
PB.23040.1	2
PB.23043.1	2
PB.23044.1	5
PB.23049.3	792
PB.23050.1	406
PB.23052.2	2
PB.23053.2	7
PB.23054.1	26
PB.23058.4	60
PB.23060.1	5
PB.23064.1	2
PB.23065.1	840
PB.23069.2	5
PB.23075.1	48
PB.23076.1	8
PB.23082.1	18
PB.23084.1	30
PB.23085.1	2
PB.23095.2	11
PB.23097.1	2446
PB.23098.1	11
PB.23100.1	22
PB.23101.1	179
PB.23105.2	12
PB.23108.1	11
PB.23109.1	73
PB.23114.2	28
PB.23116.1	2
PB.23118.1	17
PB.23121.1	2
PB.23123.1	3
PB.23125.1	4
PB.23126.1	6
PB.23128.2	3
PB.23131.1	2
PB.23132.1	23
PB.23134.1	2
PB.23135.1	6
PB.23138.1	5
PB.23140.1	7
PB.23140.2	2
PB.23140.3	2
PB.23143.2	3
PB.23143.3	82
PB.30357.2	4
PB.30360.2	394
PB.30364.2	5
PB.30370.1	2
PB.30373.1	8
PB.30374.3	3
PB.30374.5	3
PB.30374.6	2
PB.30374.7	2
PB.30374.8	19
PB.30375.3	267
PB.30376.1	2
PB.30378.6	15
PB.30385.1	10
PB.30386.1	4
PB.30390.1	10
PB.30401.1	94
PB.30402.1	5
PB.30403.2	8
PB.30411.1	11
PB.30414.1	8
PB.30417.1	16
PB.30418.5	57
PB.30418.6	30
PB.30421.1	2
PB.30422.2	932
PB.30423.1	3
PB.30425.1	7
PB.30427.1	10
PB.30430.2	19
PB.30431.2	1108
PB.30433.1	17
PB.30437.1	4
PB.30438.1	2
PB.30441.1	1063
PB.30448.1	19
PB.30454.1	2
PB.30456.2	2
PB.30457.1	7
PB.30460.1	3
PB.30461.3	2
PB.30465.1	4
PB.30469.1	9
PB.30471.1	11
PB.30475.1	15
PB.30479.1	4
PB.30483.1	2
PB.30485.1	2
PB.30488.1	2
PB.30491.1	28
PB.30492.1	12
PB.30492.2	16
PB.30500.1	9
PB.30502.1	7
PB.30503.1	2
PB.30510.2	241
PB.30511.1	40
PB.30512.2	9
PB.30513.2	5
PB.30515.1	10
PB.30515.2	2
PB.30518.1	15
PB.30520.1	3
PB.30520.3	3
PB.30523.4	7
PB.30526.1	2
PB.30531.1	14
PB.30532.1	2
PB.30533.1	11
PB.30536.1	7
PB.30537.1	12
PB.30538.1	19
PB.30539.2	2
PB.30544.2	2
PB.37826.1	53
PB.37831.1	92
PB.37841.1	5
PB.37842.1	7
PB.37843.1	2
PB.37846.1	7
PB.37852.1	36
PB.37856.1	4
PB.37861.1	2
PB.37862.1	25
PB.37863.2	4
PB.37868.1	5
PB.37869.1	300
PB.37872.1	49
PB.37875.2	12
PB.37875.4	15
PB.37876.1	14
PB.37877.1	8
PB.37881.1	2
PB.37883.2	10
PB.37884.2	190
PB.37885.1	2
PB.37893.2	374
PB.37894.3	87
PB.37897.1	5
PB.37898.1	2
PB.37900.1	6
PB.37907.1	1426
PB.37907.2	6
PB.37908.1	3
PB.37910.2	292
PB.37911.1	2
PB.37912.3	19
PB.37913.1	6
PB.37915.1	11
PB.37921.1	2040
PB.37922.1	3
PB.37923.1	4
PB.37924.2	31
PB.37927.1	21
PB.37937.1	3
PB.37938.1	3
PB.37938.2	74
PB.37940.1	29
PB.37946.1	35
PB.37947.1	13
PB.37947.2	4
PB.37948.3	10
PB.37951.2	4
PB.37954.1	16
PB.37956.1	7
PB.37959.2	382
PB.37960.1	2
PB.37960.3	87
PB.37962.1	3178
PB.37963.5	414
PB.37964.1	5
PB.37966.1	2
PB.37968.1	49
PB.37973.2	7
PB.37975.1	9
PB.37975.2	2
PB.37980.1	2
PB.37980.2	2
PB.37982.1	7
PB.37983.1	3
PB.37985.1	136
PB.37986.2	5
PB.37990.1	2
PB.37991.1	5
PB.37992.1	4
PB.37995.1	2
PB.3803.1	2
PB.3803.3	6
PB.3804.1	22
PB.3808.1	2
PB.3810.4	30
PB.3810.5	2
PB.3812.1	2
PB.3812.2	4
PB.3815.1	3
PB.3820.1	21
PB.3820.3	9
PB.3820.4	4
PB.3821.1	23
PB.3821.2	51
PB.3821.7	4
PB.3823.1	6
PB.3827.1	28
PB.3827.2	48
PB.3827.3	5
PB.3827.4	4
PB.3827.5	6
PB.3827.7	2
PB.3829.1	2
PB.3831.1	7
PB.3831.5	2
PB.3833.1	2
PB.3833.2	2
PB.3836.1	9
PB.3836.3	10
PB.3838.1	4
PB.3838.2	6
PB.3841.13	454
PB.3843.1	3
PB.3844.1	22
PB.3845.1	2
PB.3851.1	2
PB.3853.1	67
PB.3857.1	2
PB.3858.1	4
PB.3860.1	2
PB.3861.1	6
PB.3861.2	7
PB.3863.5	2
PB.3865.1	3
PB.3865.2	10
PB.3868.1	66
PB.3872.3	9
PB.3873.3	2
PB.3875.1	63
PB.3876.1	6
PB.3876.2	12
PB.3876.3	3
PB.3876.4	4
PB.3876.5	18
PB.3876.6	5
PB.3877.1	58
PB.3877.6	18
PB.3878.1	3
PB.45359.1	2
PB.45361.1	23
PB.45364.1	46
PB.45365.1	160
PB.45365.2	2
PB.45366.1	14
PB.45369.1	3
PB.45373.1	2
PB.45377.1	4
PB.45378.1	4
PB.45379.1	23
PB.45384.1	83
PB.45385.1	2
PB.45389.2	5
PB.45390.1	67
PB.45394.1	7
PB.45395.1	2
PB.45395.2	4
PB.45396.1	2
PB.45397.1	34
PB.45404.1	27
PB.45405.1	5
PB.45407.1	4
PB.45409.1	4
PB.45410.2	7
PB.45412.1	25
PB.45413.1	32
PB.45415.1	10
PB.45416.1	2
PB.45417.1	1556
PB.45419.1	116
PB.45420.1	3
PB.45420.2	2
PB.45421.1	6
PB.45423.1	15
PB.45425.1	50
PB.45426.1	3
PB.45427.1	158
PB.45427.2	7
PB.45428.2	11
PB.45429.1	3
PB.45430.1	5
PB.45431.1	12
PB.45433.1	11
PB.45433.2	2
PB.45434.1	21
PB.45437.1	18
PB.45443.1	251
PB.45444.2	95
PB.45444.4	6
PB.45447.3	2
PB.45448.1	15
PB.45449.1	42
PB.45451.1	159
PB.45452.1	31
PB.45454.1	63
PB.45459.1	27
PB.45461.1	3
PB.45463.1	4
PB.45467.1	15
PB.45467.4	31
PB.45470.2	41
PB.45471.1	2
PB.45473.1	318
PB.45475.1	35
PB.45476.1	20
PB.45478.1	31
PB.45482.1	2
PB.45482.2	3
PB.45482.3	5
PB.45484.1	7
PB.45484.2	582
PB.45485.1	4
PB.45487.1	191
PB.45488.1	35
PB.45488.3	1465
PB.45489.1	56
PB.45490.2	18
PB.45491.1	5
PB.45492.1	61
PB.45493.1	397
PB.45494.1	11
PB.45495.1	14
PB.45503.1	41
PB.45505.1	3
PB.45507.1	2
PB.45509.1	11
PB.45510.1	6
PB.45510.2	17
PB.45511.1	10
PB.45513.1	8
PB.45514.2	2
PB.45516.1	2
PB.45516.2	894
PB.45517.1	19
PB.45518.1	21
PB.45519.1	19
PB.45522.1	7
PB.45523.1	27
PB.45524.1	11
PB.45525.1	2
PB.45525.2	2
PB.45525.4	3
PB.45527.1	5
PB.45528.1	2
PB.45528.2	2
PB.45529.1	3
PB.45530.1	359
PB.45531.1	36
PB.45532.1	8
PB.45533.4	4
PB.45533.5	43
PB.52882.2	23
PB.52883.1	4
PB.52891.1	6
PB.52895.3	4
PB.52896.1	6
PB.52897.2	12
PB.52898.1	3
PB.52901.2	2
PB.52903.1	2
PB.52906.1	7
PB.52911.1	3
PB.52917.1	33
PB.52917.3	10
PB.52917.5	7
PB.52918.1	9
PB.52921.1	2
PB.52925.1	2
PB.52932.1	2
PB.52934.1	31
PB.52937.1	3
PB.52939.1	9
PB.52942.1	38
PB.52943.1	3
PB.52944.1	13
PB.52947.1	32
PB.52948.1	5
PB.52951.1	8
PB.52953.1	4
PB.52957.1	3
PB.52964.1	13
PB.52965.1	15
PB.52965.2	100
PB.52969.1	2
PB.52970.1	105
PB.52973.1	4
PB.52976.3	3
PB.52976.4	8
PB.52977.1	4
PB.52978.1	54
PB.52979.1	34
PB.52980.2	6
PB.52982.1	2
PB.52985.1	4
PB.52989.1	14
PB.52989.3	17
PB.52990.2	45
PB.52991.1	3
PB.52993.2	4
PB.52993.4	2
PB.53013.1	2
PB.53015.2	3
PB.53018.1	16
PB.53021.1	8
PB.53023.1	2
PB.53037.6	6
PB.53039.1	46
PB.53039.2	2
PB.53042.1	6
PB.53043.1	351
PB.53044.2	4
PB.53046.1	6
PB.53046.2	2
PB.53050.1	10
PB.53053.1	2
PB.53055.1	21
PB.53055.2	81
PB.53055.3	2
PB.53061.1	3
PB.53061.3	2
PB.53063.2	2
PB.53063.3	3
PB.53064.1	17
PB.53066.1	3
PB.53067.1	8
PB.53068.2	90
PB.53071.1	3
PB.53071.2	79
PB.53072.1	2
PB.60587.1	5
PB.60589.1	2
PB.60590.1	2
PB.60590.2	20
PB.60595.1	68
PB.60596.1	33
PB.60598.1	3
PB.60600.2	35
PB.60602.1	4
PB.60603.1	4
PB.60604.1	4
PB.60607.2	2
PB.60609.1	5
PB.60609.2	35
PB.60609.4	2
PB.60613.1	2
PB.60618.1	4
PB.60624.1	4
PB.60629.1	5
PB.60635.1	13
PB.60636.2	3
PB.60637.1	6
PB.60641.1	5
PB.60642.1	3
PB.60643.1	3
PB.60643.4	13
PB.60645.1	6
PB.60647.2	417
PB.60655.4	14
PB.60656.1	8
PB.60658.1	7
PB.60659.1	2
PB.60660.1	11
PB.60662.1	32
PB.60667.2	5
PB.60667.3	8
PB.60671.1	5
PB.60675.1	11
PB.60675.2	14
PB.60675.3	165
PB.60676.1	3
PB.60677.2	10
PB.60678.1	2
PB.60680.1	2
PB.60691.1	65
PB.60693.2	10
PB.60693.3	272
PB.60694.1	66
PB.60695.2	64
PB.60696.1	3
PB.60696.2	520
PB.60698.1	6
PB.60699.1	17
PB.60702.1	3
PB.60704.1	2
PB.60705.1	16
PB.60707.2	2
PB.60708.2	8
PB.60710.1	11
PB.60710.2	183
PB.60713.1	50
PB.60716.1	6
PB.60723.1	8
PB.60729.1	2
PB.60730.1	12
PB.60731.1	2
PB.60733.1	2
PB.60734.2	5
PB.60736.1	75
PB.60737.1	2
PB.60738.1	2
PB.60739.1	6
PB.60740.1	5
PB.60740.2	22
PB.60740.3	19
PB.60740.6	5
PB.60742.2	2
PB.60745.1	2
PB.60750.2	2
PB.60751.1	18
PB.60752.1	4
PB.60753.1	5
PB.60755.1	6
PB.60756.1	3
PB.60757.1	30
PB.68190.1	4
PB.68195.2	14
PB.68198.1	2
PB.68198.2	2
PB.68198.3	4
PB.68198.4	3
PB.68199.1	2
PB.68203.2	2
PB.68204.1	43
PB.68205.1	2
PB.68208.1	3
PB.68214.2	21
PB.68214.4	136
PB.68218.1	2
PB.68220.1	3
PB.68221.1	12
PB.68223.1	583
PB.68227.1	2
PB.68231.1	10
PB.68236.2	2
PB.68237.1	10
PB.68240.1	2
PB.68242.1	2
PB.68243.1	5
PB.68246.1	5
PB.68247.1	9
PB.68247.2	4
PB.68249.2	7
PB.68251.1	36
PB.68261.1	4
PB.68264.1	14
PB.68268.1	2
PB.68269.1	15
PB.68272.2	19
PB.68274.1	15
PB.68275.1	36
PB.68278.2	16
PB.68286.2	10
PB.68289.1	2
PB.68290.1	3
PB.68293.3	16
PB.68293.6	2
PB.68294.1	3
PB.68302.1	12
PB.68302.2	12647
PB.68304.1	8
PB.68307.2	44
PB.68309.2	24
PB.68314.1	15
PB.68317.1	2
PB.68318.1	2
PB.68321.1	7
PB.68322.1	16
PB.68324.1	29
PB.68333.1	2
PB.68334.2	65
PB.68342.1	11
PB.68342.2	9
PB.68343.1	3
PB.68344.1	13
PB.68348.1	7
PB.68351.1	4
PB.68352.4	73
PB.68354.1	3
PB.68355.1	3
PB.68358.1	3
PB.68360.1	12
PB.68360.2	3
PB.68365.1	2
PB.75665.2	27
PB.75673.1	3
PB.75676.2	2
PB.75677.2	128
PB.75678.1	4
PB.75679.1	646
PB.75679.3	21
PB.75686.1	2
PB.75687.1	6
PB.75688.1	3
PB.75689.2	2
PB.75692.1	17
PB.75694.1	19
PB.75695.1	9
PB.75695.2	126
PB.75695.3	4
PB.75695.5	2
PB.75702.1	42
PB.75703.1	2
PB.75704.1	2
PB.75707.1	2
PB.75709.1	2
PB.75719.2	15
PB.75721.1	3
PB.75722.1	4
PB.75725.2	122
PB.75726.2	5
PB.75727.1	2
PB.75731.2	2
PB.75733.1	6
PB.75741.1	9
PB.75745.2	26
PB.75747.2	2
PB.75749.1	4
PB.75750.1	66
PB.75752.2	237
PB.75755.1	7
PB.75756.1	2
PB.75757.2	2
PB.75759.1	24
PB.75766.2	20
PB.75766.3	8
PB.75768.1	29
PB.75772.1	259
PB.75774.2	47
PB.75776.1	83
PB.75777.1	4
PB.75781.3	2
PB.75783.2	4
PB.75784.1	15
PB.75786.1	8
PB.75788.2	119
PB.75789.1	15
PB.75791.1	2
PB.75792.1	13
PB.75803.1	19
PB.75805.1	3
PB.75806.2	356
PB.75812.1	5
PB.75813.1	6
PB.75814.1	9
PB.75819.2	246
PB.75820.1	18
PB.75821.1	2
PB.75822.1	7
PB.75823.1	11
PB.75824.1	4
PB.75825.1	3
PB.75826.1	2
PB.75827.1	3
PB.75829.1	3
PB.83095.3	6
PB.83095.4	4
PB.83097.1	4
PB.83098.2	244
PB.83099.2	262
PB.83100.1	27
PB.83102.1	2
PB.83107.2	338
PB.83107.3	4
PB.83107.4	17
PB.83108.1	9
PB.83108.2	4
PB.83109.2	2
PB.83110.1	2
PB.83111.3	54
PB.83115.1	3
PB.83116.2	1294
PB.83116.4	2
PB.83118.1	3
PB.83119.1	2
PB.83121.1	299
PB.83123.2	79
PB.83124.2	3
PB.83129.2	14
PB.83129.3	32
PB.83135.1	2
PB.83138.1	2
PB.83139.1	3
PB.83139.2	13
PB.83139.3	5
PB.83140.1	2
PB.83144.1	2
PB.83154.1	13
PB.83157.2	8
PB.83159.1	22
PB.83164.1	3
PB.83166.1	2
PB.83170.1	6
PB.83173.1	4
PB.83174.1	17
PB.83177.1	11
PB.83180.3	451
PB.83180.4	6
PB.83181.1	2
PB.83183.1	80
PB.83185.1	3
PB.83186.1	35
PB.83189.1	21
PB.83189.2	95
PB.83191.1	3
PB.83193.1	17
PB.83196.1	3
PB.83200.1	2
PB.83205.2	3
PB.83207.2	70
PB.83211.1	11
PB.83212.1	2
PB.83215.1	2
PB.83216.4	60
PB.83218.1	5
PB.83219.1	24
PB.83221.1	3
PB.83222.1	2
PB.83223.1	8
PB.83230.1	76
PB.83233.2	4
PB.83236.1	15
PB.83239.1	8
PB.83240.1	30
PB.83243.1	6
PB.83246.1	46
PB.83247.2	20
PB.83248.1	14
PB.83254.1	2
PB.83255.1	2
PB.83256.1	5
PB.83261.1	2
PB.83264.1	4
PB.83266.1	3
PB.83267.1	4
PB.83270.1	2
PB.83271.1	5
PB.83272.1	110
PB.83272.2	7
PB.83272.3	15
PB.83273.1	2
PB.83273.2	5
PB.83275.1	18
PB.8644.1	2
PB.8645.2	2
PB.8646.1	4
PB.8649.2	5
PB.8654.1	3
PB.8655.1	5
PB.8658.1	2
PB.8661.1	6
PB.8661.2	2
PB.8662.1	5
PB.8662.2	7
PB.8662.4	7
PB.8663.1	4
PB.8665.2	4
PB.8666.1	2
PB.8667.1	38
PB.8671.2	2
PB.8673.1	15
PB.8685.2	6
PB.8688.6	10
PB.8689.3	75
PB.8692.1	2
PB.8695.1	12
PB.8701.1	2
PB.8702.1	25
PB.8703.1	67
PB.8707.2	49
PB.8707.3	38
PB.8708.1	3
PB.8709.1	7
PB.8715.2	534
PB.8715.6	15
PB.8716.1	3
PB.8716.2	3
PB.8724.4	40
PB.8725.1	2
PB.8726.1	13
PB.8726.3	6
PB.8727.1	30
PB.8729.2	4
PB.8731.1	3
PB.8732.2	7
PB.8732.3	13
PB.8734.1	3
PB.8736.2	4
PB.88755.1	7
PB.88756.1	12
PB.88762.2	3
PB.88765.1	63
PB.88765.2	2
PB.88768.1	2
PB.88770.1	11
PB.88774.3	2
PB.88775.1	3
PB.88776.2	2
PB.88777.1	8
PB.88777.2	13
PB.88777.4	19
PB.88777.5	3
PB.88778.2	10
PB.88780.1	11
PB.88782.1	2
PB.88783.1	2
PB.88785.1	2
PB.88786.1	3
PB.88788.2	13
PB.88789.1	22
PB.88790.1	3
PB.88791.1	5
PB.88792.1	604
PB.88795.1	9
PB.88800.1	20
PB.88800.3	591
PB.88801.1	20
PB.88804.1	4
PB.88804.2	22
PB.88804.3	157
PB.88806.1	2
PB.88806.2	10
PB.88808.1	9
PB.88808.3	43
PB.88808.5	9
PB.88808.6	10
PB.88809.1	12
PB.88811.1	3
PB.88814.4	13
PB.88814.5	22
PB.88817.1	2
PB.88818.1	2
PB.88819.2	49
PB.88820.1	11
PB.88820.2	2
PB.88825.1	15
PB.88825.2	2
PB.88827.1	4
PB.88831.2	2
PB.88832.1	2
PB.88833.2	27
PB.88834.1	3
PB.88835.1	51
PB.88838.1	2
PB.88841.3	9
PB.88848.1	2
PB.88857.2	2
PB.88860.1	8
PB.88861.2	4
PB.88862.2	166
PB.88864.1	8
PB.88867.3	4
PB.88869.1	2
PB.88870.1	7
PB.88871.1	18
PB.96069.2	30
PB.96070.1	4
PB.96071.1	3
PB.96072.1	21
PB.96073.1	20
PB.96075.1	36
PB.96076.1	3
PB.96077.1	233
PB.96079.3	25
PB.96080.1	4
PB.96085.1	16
PB.96087.1	2
PB.96091.1	3
PB.96096.1	17
PB.96097.1	133
PB.96099.1	10
PB.96101.1	867
PB.96102.1	35
PB.96103.1	389
PB.96105.1	8
PB.96105.2	2
PB.96106.1	66
PB.96106.3	26
PB.96108.1	2
PB.96110.1	2
PB.96111.1	2
PB.96112.1	5
PB.96113.1	49
PB.96115.2	21
PB.96118.1	5
PB.96123.2	34
PB.96123.3	2
PB.96126.1	6
PB.96128.1	2
PB.96129.1	26
PB.96133.1	10
PB.96136.1	2
PB.96139.1	3
PB.96142.1	5
PB.96143.1	5
PB.96144.1	53
PB.96145.1	7
PB.96146.1	2
PB.96151.1	2
PB.96152.1	5
PB.96154.1	49
PB.96157.1	9
PB.96160.1	7
PB.96162.1	2
PB.96169.1	9
PB.96171.1	3
PB.96173.1	30
PB.96177.1	3
PB.96180.1	3
PB.96182.1	2
PB.96183.1	149
PB.96184.2	132
PB.96186.1	250
PB.96189.1	4
PB.96192.1	5
PB.96193.1	88
PB.96195.1	16
PB.96196.3	20
PB.96197.1	12
PB.96200.1	152
PB.96200.2	15
PB.96200.4	8
PB.96204.1	19
PB.96205.2	434
PB.96210.1	2
PB.96211.1	2
PB.96212.1	4
PB.96219.1	2
PB.96220.1	2
PB.96221.1	4
PB.96223.1	10
PB.96224.1	2
PB.96225.1	2
PB.96226.1	2
general_TD	765
